-- phpMyAdmin SQL Dump
-- version 4.9.1
-- https://www.phpmyadmin.net/
--
-- Servidor: 127.0.0.1
-- Tiempo de generación: 05-07-2021 a las 20:58:09
-- Versión del servidor: 10.4.8-MariaDB
-- Versión de PHP: 7.2.24

SET SQL_MODE = "NO_AUTO_VALUE_ON_ZERO";
SET AUTOCOMMIT = 0;
START TRANSACTION;
SET time_zone = "+00:00";


/*!40101 SET @OLD_CHARACTER_SET_CLIENT=@@CHARACTER_SET_CLIENT */;
/*!40101 SET @OLD_CHARACTER_SET_RESULTS=@@CHARACTER_SET_RESULTS */;
/*!40101 SET @OLD_COLLATION_CONNECTION=@@COLLATION_CONNECTION */;
/*!40101 SET NAMES utf8mb4 */;

--
-- Base de datos: `gonzales_db`
--

-- --------------------------------------------------------

--
-- Estructura de tabla para la tabla `cobros`
--

CREATE TABLE `cobros` (
  `id` bigint(20) UNSIGNED NOT NULL,
  `salida_id` int(10) UNSIGNED NOT NULL,
  `vehiculo_id` bigint(20) UNSIGNED NOT NULL,
  `tarifa_id` bigint(20) UNSIGNED NOT NULL,
  `tiempo_cobrado` int(11) NOT NULL,
  `fecha_reg` date NOT NULL,
  `hora` time NOT NULL,
  `hora_ingreso` time DEFAULT NULL,
  `fecha_ingreso` date DEFAULT NULL,
  `total` decimal(10,2) NOT NULL,
  `status` int(11) NOT NULL,
  `created_at` timestamp NULL DEFAULT NULL,
  `updated_at` timestamp NULL DEFAULT NULL
) ENGINE=InnoDB DEFAULT CHARSET=utf8mb4 COLLATE=utf8mb4_unicode_ci;

--
-- Volcado de datos para la tabla `cobros`
--

INSERT INTO `cobros` (`id`, `salida_id`, `vehiculo_id`, `tarifa_id`, `tiempo_cobrado`, `fecha_reg`, `hora`, `hora_ingreso`, `fecha_ingreso`, `total`, `status`, `created_at`, `updated_at`) VALUES
(1, 8, 1, 1, 3, '2021-06-01', '11:24:00', '09:19:00', '2021-06-01', '15.00', 1, '2021-06-01 15:25:05', '2021-06-01 15:25:05'),
(2, 9, 2, 2, 4, '2021-06-01', '11:27:00', '08:18:00', '2021-06-01', '16.00', 1, '2021-06-01 15:27:21', '2021-06-01 15:27:21'),
(3, 10, 3, 11, 12, '2021-06-01', '12:28:00', '08:19:00', '2021-06-01', '35.00', 1, '2021-06-01 16:28:31', '2021-06-01 16:28:31'),
(4, 11, 7, 2, 2, '2021-06-01', '12:29:00', '11:23:00', '2021-06-01', '8.00', 1, '2021-06-01 16:29:35', '2021-06-01 16:29:35'),
(5, 12, 4, 5, 5, '2021-06-01', '14:30:00', '11:24:00', '2021-06-01', '18.00', 1, '2021-06-01 18:30:40', '2021-06-01 18:30:40'),
(6, 13, 6, 5, 5, '2021-06-01', '14:30:00', '11:23:00', '2021-06-01', '18.00', 1, '2021-06-01 18:31:17', '2021-06-01 18:31:17'),
(7, 14, 5, 12, 672, '2021-06-01', '16:31:00', '09:20:00', '2021-06-01', '600.00', 1, '2021-06-01 20:31:46', '2021-06-01 20:31:46'),
(8, 16, 5, 12, 672, '2021-06-02', '07:40:00', '07:40:00', '2021-06-02', '600.00', 1, '2021-06-02 11:40:27', '2021-07-02 21:32:24'),
(9, 22, 1, 1, 1, '2021-06-02', '09:20:00', '08:55:00', '2021-06-02', '5.00', 1, '2021-06-02 13:20:17', '2021-06-02 13:20:17'),
(10, 24, 7, 2, 2, '2021-06-02', '09:24:00', '08:55:00', '2021-06-02', '8.00', 1, '2021-06-02 13:24:39', '2021-06-02 13:24:39'),
(11, 26, 2, 2, 2, '2021-06-02', '09:28:00', '09:18:00', '2021-06-02', '8.00', 1, '2021-06-02 13:28:37', '2021-06-02 13:28:37'),
(12, 28, 6, 5, 5, '2021-06-02', '12:31:00', '07:40:00', '2021-06-02', '18.00', 1, '2021-06-02 16:31:52', '2021-06-02 16:31:52'),
(13, 29, 3, 11, 12, '2021-06-02', '12:32:00', '09:19:00', '2021-06-02', '35.00', 1, '2021-06-02 16:32:46', '2021-06-02 16:32:46'),
(14, 31, 1, 1, 4, '2021-06-02', '12:34:00', '09:25:00', '2021-06-02', '20.00', 1, '2021-06-02 16:34:11', '2021-06-02 16:34:11'),
(15, 32, 4, 5, 5, '2021-06-02', '12:45:00', '12:33:00', '2021-06-02', '18.00', 1, '2021-06-02 16:45:53', '2021-06-02 16:45:53'),
(16, 38, 7, 2, 2, '2021-06-03', '14:03:00', '12:59:00', '2021-06-03', '8.00', 1, '2021-06-03 18:03:53', '2021-06-03 18:03:53'),
(17, 41, 2, 2, 4, '2021-06-03', '16:09:00', '14:09:00', '2021-06-03', '16.00', 1, '2021-06-03 20:09:58', '2021-06-03 20:09:58'),
(18, 42, 6, 5, 5, '2021-06-03', '16:10:00', '13:00:00', '2021-06-03', '18.00', 1, '2021-06-03 20:10:46', '2021-06-03 20:10:46'),
(19, 45, 1, 1, 3, '2021-06-03', '16:11:00', '14:08:00', '2021-06-03', '15.00', 1, '2021-06-03 20:11:55', '2021-06-03 20:11:55'),
(20, 52, 4, 5, 5, '2021-06-04', '12:15:00', '09:14:00', '2021-06-04', '18.00', 1, '2021-06-04 16:15:52', '2021-06-04 16:15:52'),
(21, 53, 2, 2, 2, '2021-06-04', '12:15:00', '11:15:00', '2021-06-04', '8.00', 1, '2021-06-04 16:16:18', '2021-06-04 16:16:18'),
(22, 54, 6, 5, 5, '2021-06-04', '12:16:00', '09:13:00', '2021-06-04', '18.00', 1, '2021-06-04 16:16:32', '2021-06-04 16:16:32'),
(23, 56, 3, 11, 12, '2021-06-04', '16:17:00', '09:14:00', '2021-06-04', '35.00', 1, '2021-06-04 20:17:38', '2021-06-04 20:17:38'),
(24, 62, 7, 2, 2, '2021-06-05', '11:21:00', '10:20:00', '2021-06-05', '8.00', 1, '2021-06-05 15:21:08', '2021-06-05 15:21:08'),
(25, 64, 3, 11, 12, '2021-06-05', '15:21:00', '10:20:00', '2021-06-05', '35.00', 1, '2021-06-05 19:21:52', '2021-06-05 19:21:52'),
(26, 69, 1, 1, 2, '2021-06-07', '08:32:00', '07:31:00', '2021-06-07', '10.00', 1, '2021-06-07 12:32:48', '2021-06-07 12:32:48'),
(27, 70, 2, 2, 4, '2021-06-07', '10:33:00', '07:31:00', '2021-06-07', '16.00', 1, '2021-06-07 14:33:32', '2021-06-07 14:33:32'),
(28, 71, 4, 5, 5, '2021-06-07', '10:33:00', '08:32:00', '2021-06-07', '18.00', 1, '2021-06-07 14:33:56', '2021-06-07 14:33:56'),
(29, 77, 6, 5, 5, '2021-06-08', '13:15:00', '09:35:00', '2021-06-08', '18.00', 1, '2021-06-08 17:15:21', '2021-06-08 17:15:21'),
(30, 79, 3, 11, 12, '2021-06-08', '16:51:00', '07:35:00', '2021-06-08', '35.00', 1, '2021-06-08 20:51:27', '2021-06-08 20:51:27'),
(31, 84, 1, 1, 2, '2021-06-08', '08:56:00', '07:53:00', '2021-06-08', '10.00', 1, '2021-06-08 12:56:33', '2021-06-08 12:56:33'),
(32, 86, 4, 5, 5, '2021-06-08', '14:10:00', '10:57:00', '2021-06-08', '18.00', 1, '2021-06-08 18:10:41', '2021-06-08 18:10:41'),
(33, 90, 6, 5, 5, '2021-06-11', '11:36:00', '07:35:00', '2021-06-11', '18.00', 1, '2021-06-11 15:36:19', '2021-06-11 15:36:19'),
(34, 96, 2, 2, 4, '2021-06-10', '09:17:00', '07:16:00', '2021-06-10', '16.00', 1, '2021-06-10 13:17:18', '2021-06-10 13:17:18'),
(35, 97, 4, 5, 5, '2021-06-10', '09:17:00', '07:16:00', '2021-06-10', '18.00', 1, '2021-06-10 13:17:58', '2021-06-10 13:17:58'),
(36, 98, 7, 2, 50, '2021-06-10', '09:18:00', '07:52:00', '2021-06-08', '20.00', 1, '2021-06-10 13:18:38', '2021-06-10 13:19:05'),
(37, 101, 6, 5, 10, '2021-06-10', '16:20:00', '07:16:00', '2021-06-10', '25.00', 1, '2021-06-10 20:21:07', '2021-06-10 20:22:15'),
(38, 106, 7, 2, 2, '2021-06-14', '08:30:00', '07:24:00', '2021-06-14', '8.00', 1, '2021-06-14 12:30:17', '2021-06-14 12:30:17'),
(39, 107, 6, 5, 5, '2021-06-14', '10:30:00', '07:24:00', '2021-06-14', '18.00', 1, '2021-06-14 14:30:37', '2021-06-14 14:30:37'),
(40, 111, 4, 5, 5, '2021-06-14', '12:34:00', '10:30:00', '2021-06-14', '18.00', 1, '2021-06-14 16:34:22', '2021-06-14 16:34:22'),
(41, 112, 6, 5, 5, '2021-06-14', '12:34:00', '10:33:00', '2021-06-14', '18.00', 1, '2021-06-14 16:34:41', '2021-06-14 16:34:41'),
(42, 114, 7, 2, 2, '2021-06-14', '13:35:00', '12:34:00', '2021-06-14', '8.00', 1, '2021-06-14 17:35:45', '2021-06-14 17:35:45'),
(43, 115, 8, 12, 672, '2021-06-14', '13:36:00', '10:32:00', '2021-06-14', '600.00', 1, '2021-06-14 17:36:32', '2021-06-14 17:36:32'),
(44, 116, 3, 11, 12, '2021-06-14', '16:37:00', '07:24:00', '2021-06-14', '35.00', 1, '2021-06-14 20:37:41', '2021-06-14 20:37:41'),
(45, 126, 3, 11, 12, '2021-06-27', '08:12:00', '08:11:00', '2021-06-27', '35.00', 1, '2021-06-27 12:12:20', '2021-06-27 12:12:20'),
(46, 128, 1, 1, 2, '2021-06-27', '09:12:00', '08:12:00', '2021-06-27', '10.00', 1, '2021-06-27 13:12:53', '2021-06-27 13:12:53'),
(47, 131, 6, 5, 5, '2021-06-27', '10:14:00', '08:11:00', '2021-06-27', '18.00', 1, '2021-06-27 14:14:18', '2021-06-27 14:14:18'),
(48, 132, 4, 5, 5, '2021-06-27', '10:14:00', '08:12:00', '2021-06-27', '18.00', 1, '2021-06-27 14:14:42', '2021-06-27 14:14:42'),
(49, 135, 7, 2, 2, '2021-06-27', '11:02:00', '10:13:00', '2021-06-27', '8.00', 1, '2021-06-27 15:02:47', '2021-06-27 15:02:47'),
(50, 136, 4, 5, 5, '2021-06-27', '11:02:00', '11:01:00', '2021-06-27', '18.00', 1, '2021-06-27 15:03:25', '2021-06-27 15:03:25'),
(51, 137, 1, 1, 1, '2021-06-27', '11:03:00', '10:12:00', '2021-06-27', '5.00', 1, '2021-06-27 15:03:58', '2021-06-27 15:03:58'),
(52, 140, 2, 2, 6, '2021-06-27', '16:06:00', '11:01:00', '2021-06-27', '24.00', 1, '2021-06-27 20:06:42', '2021-06-27 20:06:42'),
(53, 141, 3, 11, 12, '2021-06-27', '17:07:00', '16:06:00', '2021-06-27', '35.00', 1, '2021-06-27 21:07:12', '2021-06-27 21:07:12'),
(54, 143, 8, 12, 672, '2021-06-27', '18:39:00', '08:11:00', '2021-06-27', '0.00', 1, '2021-06-27 22:39:41', '2021-06-27 22:40:00'),
(55, 144, 3, 11, 12, '2021-06-27', '18:40:00', '18:39:00', '2021-06-27', '35.00', 1, '2021-06-27 22:40:43', '2021-06-27 22:40:43'),
(56, 148, 7, 2, 2, '2021-06-28', '09:26:00', '07:41:00', '2021-06-28', '8.00', 1, '2021-06-28 13:26:56', '2021-06-28 13:26:56'),
(57, 149, 6, 5, 5, '2021-06-28', '12:27:00', '07:41:00', '2021-06-28', '18.00', 1, '2021-06-28 16:27:24', '2021-06-28 16:27:24'),
(58, 151, 4, 5, 5, '2021-06-28', '14:27:00', '12:27:00', '2021-06-28', '18.00', 1, '2021-06-28 18:28:04', '2021-06-28 18:28:04'),
(59, 156, 6, 5, 5, '2021-06-29', '11:05:00', '08:04:00', '2021-06-29', '18.00', 1, '2021-06-29 15:05:47', '2021-06-29 15:05:47'),
(60, 157, 3, 11, 12, '2021-06-29', '11:05:00', '08:05:00', '2021-06-29', '35.00', 1, '2021-06-29 15:05:57', '2021-06-29 15:05:57'),
(61, 162, 3, 11, 12, '2021-06-30', '12:12:00', '08:09:00', '2021-06-30', '35.00', 1, '2021-06-30 16:12:51', '2021-06-30 16:12:51'),
(62, 168, 7, 2, 2, '2021-07-01', '08:38:00', '07:37:00', '2021-07-01', '8.00', 1, '2021-07-01 12:38:25', '2021-07-01 12:38:25'),
(63, 169, 6, 5, 5, '2021-07-01', '10:38:00', '07:37:00', '2021-07-01', '18.00', 1, '2021-07-01 14:38:48', '2021-07-01 14:38:48'),
(64, 172, 3, 11, 12, '2021-07-01', '12:39:00', '10:39:00', '2021-07-01', '35.00', 1, '2021-07-01 16:39:54', '2021-07-01 16:39:54'),
(65, 179, 7, 2, 2, '2021-07-02', '09:28:00', '08:44:00', '2021-07-02', '8.00', 1, '2021-07-02 13:28:28', '2021-07-02 13:28:28'),
(66, 180, 6, 5, 5, '2021-07-02', '11:28:00', '08:44:00', '2021-07-02', '18.00', 1, '2021-07-02 15:28:50', '2021-07-02 15:28:50'),
(67, 182, 3, 11, 12, '2021-07-02', '15:29:00', '11:29:00', '2021-07-02', '35.00', 1, '2021-07-02 19:29:26', '2021-07-02 19:29:26'),
(68, 189, 7, 2, 2, '2021-07-03', '09:34:00', '08:34:00', '2021-07-03', '8.00', 1, '2021-07-03 13:34:41', '2021-07-03 13:34:41'),
(69, 190, 6, 5, 5, '2021-07-03', '10:35:00', '08:34:00', '2021-07-03', '18.00', 1, '2021-07-03 14:35:10', '2021-07-03 14:35:10'),
(70, 196, 2, 2, 2, '2021-07-04', '20:29:00', '20:29:00', '2021-07-04', '10.00', 1, '2021-07-05 00:30:00', '2021-07-05 00:46:33'),
(71, 197, 1, 1, 1, '2021-07-04', '20:30:00', '20:29:00', '2021-07-04', '5.00', 1, '2021-07-05 00:30:23', '2021-07-05 00:30:23');

--
-- Disparadores `cobros`
--
DELIMITER $$
CREATE TRIGGER `before_cobros_delete` BEFORE DELETE ON `cobros` FOR EACH ROW INSERT INTO cobros_respaldo
 SET estado = 'DELETE',
     id_cobros = OLD.id,
     salida_id = OLD.salida_id,
     vehiculo_id = OLD.vehiculo_id,
     tarifa_id = OLD.tarifa_id,
     tiempo_cobrado = OLD.tiempo_cobrado,
     fecha_reg = OLD.fecha_reg,
     hora = OLD.hora,
     hora_ingreso = OLD.hora_ingreso,
     fecha_ingreso = OLD.fecha_ingreso,
     total = OLD.total,
     usuario = CURRENT_USER(),
     fecha_modificado = NOW()
$$
DELIMITER ;
DELIMITER $$
CREATE TRIGGER `before_cobros_update` BEFORE UPDATE ON `cobros` FOR EACH ROW INSERT INTO cobros_respaldo
 SET estado = 'UPDATE',
     id_cobros = OLD.id,
     salida_id = OLD.salida_id,
     vehiculo_id = OLD.vehiculo_id,
     tarifa_id = OLD.tarifa_id,
     tiempo_cobrado = OLD.tiempo_cobrado,
     fecha_reg = OLD.fecha_reg,
     hora = OLD.hora,
     hora_ingreso = OLD.hora_ingreso,
     fecha_ingreso = OLD.fecha_ingreso,
     total = OLD.total,
     total_modificado = NEW.total,
     usuario = CURRENT_USER(),
     fecha_modificado = NOW()
$$
DELIMITER ;

-- --------------------------------------------------------

--
-- Estructura de tabla para la tabla `cobros_respaldo`
--

CREATE TABLE `cobros_respaldo` (
  `id` int(11) NOT NULL,
  `estado` varchar(50) DEFAULT NULL,
  `id_cobros` int(11) NOT NULL,
  `salida_id` int(11) NOT NULL,
  `vehiculo_id` int(11) NOT NULL,
  `tarifa_id` int(11) NOT NULL,
  `tiempo_cobrado` varchar(50) NOT NULL,
  `fecha_reg` date NOT NULL,
  `hora` time NOT NULL,
  `hora_ingreso` time NOT NULL,
  `fecha_ingreso` date DEFAULT NULL,
  `total` float NOT NULL,
  `total_modificado` float DEFAULT NULL,
  `usuario` varchar(50) NOT NULL,
  `fecha_modificado` datetime NOT NULL
) ENGINE=InnoDB DEFAULT CHARSET=utf8mb4;

--
-- Volcado de datos para la tabla `cobros_respaldo`
--

INSERT INTO `cobros_respaldo` (`id`, `estado`, `id_cobros`, `salida_id`, `vehiculo_id`, `tarifa_id`, `tiempo_cobrado`, `fecha_reg`, `hora`, `hora_ingreso`, `fecha_ingreso`, `total`, `total_modificado`, `usuario`, `fecha_modificado`) VALUES
(1, 'UPDATE', 8, 16, 5, 12, '672', '2021-06-02', '07:40:00', '07:40:00', '2021-06-02', 600, 0, 'root@localhost', '2021-06-02 09:23:31'),
(2, 'UPDATE', 36, 98, 7, 2, '50', '2021-06-10', '09:18:00', '07:52:00', '2021-06-08', 200, 20, 'root@localhost', '2021-06-10 09:19:05'),
(3, 'UPDATE', 37, 101, 6, 5, '10', '2021-06-10', '16:20:00', '07:16:00', '2021-06-10', 36, 25, 'root@localhost', '2021-06-10 16:22:15'),
(4, 'UPDATE', 54, 143, 8, 12, '672', '2021-06-27', '18:39:00', '08:11:00', '2021-06-27', 600, 0, 'root@localhost', '2021-06-27 18:40:00'),
(5, 'UPDATE', 8, 16, 5, 12, '672', '2021-06-02', '07:40:00', '07:40:00', '2021-06-02', 0, 600, 'root@localhost', '2021-07-02 17:32:24'),
(6, 'UPDATE', 70, 196, 2, 2, '2', '2021-07-04', '20:29:00', '20:29:00', '2021-07-04', 8, 10, 'root@localhost', '2021-07-04 20:46:33');

-- --------------------------------------------------------

--
-- Estructura de tabla para la tabla `datos_usuarios`
--

CREATE TABLE `datos_usuarios` (
  `id` bigint(20) UNSIGNED NOT NULL,
  `nom` varchar(30) COLLATE utf8mb4_unicode_ci NOT NULL,
  `apep` varchar(30) COLLATE utf8mb4_unicode_ci NOT NULL,
  `apem` varchar(30) COLLATE utf8mb4_unicode_ci DEFAULT NULL,
  `ci` varchar(15) COLLATE utf8mb4_unicode_ci NOT NULL,
  `ci_exp` varchar(15) COLLATE utf8mb4_unicode_ci NOT NULL,
  `dir` varchar(50) COLLATE utf8mb4_unicode_ci NOT NULL,
  `email` varchar(50) COLLATE utf8mb4_unicode_ci DEFAULT NULL,
  `fono` varchar(10) COLLATE utf8mb4_unicode_ci DEFAULT NULL,
  `cel` varchar(15) COLLATE utf8mb4_unicode_ci NOT NULL,
  `foto` varchar(155) COLLATE utf8mb4_unicode_ci NOT NULL,
  `user_id` bigint(20) UNSIGNED NOT NULL,
  `created_at` timestamp NULL DEFAULT NULL,
  `updated_at` timestamp NULL DEFAULT NULL
) ENGINE=InnoDB DEFAULT CHARSET=utf8mb4 COLLATE=utf8mb4_unicode_ci;

--
-- Volcado de datos para la tabla `datos_usuarios`
--

INSERT INTO `datos_usuarios` (`id`, `nom`, `apep`, `apem`, `ci`, `ci_exp`, `dir`, `email`, `fono`, `cel`, `foto`, `user_id`, `created_at`, `updated_at`) VALUES
(1, 'RUTH', 'QUISPE', 'CHOQUE', '9096288', 'LP', 'RIO SECO', '', '', '69795231', 'user_default.png', 3, '2021-06-01 11:41:22', '2021-06-01 11:41:22');

-- --------------------------------------------------------

--
-- Estructura de tabla para la tabla `empresas`
--

CREATE TABLE `empresas` (
  `id` bigint(20) UNSIGNED NOT NULL,
  `cod` varchar(20) COLLATE utf8mb4_unicode_ci NOT NULL,
  `nit` varchar(20) COLLATE utf8mb4_unicode_ci NOT NULL,
  `nro_aut` varchar(30) COLLATE utf8mb4_unicode_ci NOT NULL,
  `nro_emp` varchar(30) COLLATE utf8mb4_unicode_ci NOT NULL,
  `name` varchar(50) COLLATE utf8mb4_unicode_ci NOT NULL,
  `alias` varchar(30) COLLATE utf8mb4_unicode_ci NOT NULL,
  `pais` varchar(30) COLLATE utf8mb4_unicode_ci NOT NULL,
  `dpto` varchar(30) COLLATE utf8mb4_unicode_ci NOT NULL,
  `ciudad` varchar(30) COLLATE utf8mb4_unicode_ci NOT NULL,
  `zona` varchar(30) COLLATE utf8mb4_unicode_ci NOT NULL,
  `calle` varchar(30) COLLATE utf8mb4_unicode_ci NOT NULL,
  `nro` varchar(10) COLLATE utf8mb4_unicode_ci NOT NULL,
  `email` varchar(50) COLLATE utf8mb4_unicode_ci DEFAULT NULL,
  `fono` varchar(10) COLLATE utf8mb4_unicode_ci NOT NULL,
  `cel` varchar(15) COLLATE utf8mb4_unicode_ci NOT NULL,
  `fax` varchar(15) COLLATE utf8mb4_unicode_ci DEFAULT NULL,
  `casilla` varchar(15) COLLATE utf8mb4_unicode_ci DEFAULT NULL,
  `web` varchar(50) COLLATE utf8mb4_unicode_ci DEFAULT NULL,
  `logo` varchar(155) COLLATE utf8mb4_unicode_ci NOT NULL,
  `actividad_eco` varchar(50) COLLATE utf8mb4_unicode_ci NOT NULL,
  `created_at` timestamp NULL DEFAULT NULL,
  `updated_at` timestamp NULL DEFAULT NULL
) ENGINE=InnoDB DEFAULT CHARSET=utf8mb4 COLLATE=utf8mb4_unicode_ci;

--
-- Volcado de datos para la tabla `empresas`
--

INSERT INTO `empresas` (`id`, `cod`, `nit`, `nro_aut`, `nro_emp`, `name`, `alias`, `pais`, `dpto`, `ciudad`, `zona`, `calle`, `nro`, `email`, `fono`, `cel`, `fax`, `casilla`, `web`, `logo`, `actividad_eco`, `created_at`, `updated_at`) VALUES
(1, '001', '0', '0', '0', 'PARQUEO PÚBLICO GONZALES', 'PARQUEO', 'BOLIVIA', 'LA PAZ', 'LA PAZ', 'CIUDAD SATELITE', 'CALLE 27 C PLAN 482', 'N° 1904', '', '0', '0', '', '', '', 'PARQUEO GONZALES_1621996576.jpg', 'N', '2019-08-19 14:55:14', '2021-07-03 02:10:53');

-- --------------------------------------------------------

--
-- Estructura de tabla para la tabla `facturas`
--

CREATE TABLE `facturas` (
  `id` bigint(20) UNSIGNED NOT NULL,
  `cobro_id` bigint(20) UNSIGNED NOT NULL,
  `a_nombre` varchar(30) COLLATE utf8mb4_unicode_ci DEFAULT NULL,
  `nit` varchar(20) COLLATE utf8mb4_unicode_ci DEFAULT NULL,
  `nro_factura` bigint(20) NOT NULL,
  `codigo_control` varchar(20) COLLATE utf8mb4_unicode_ci NOT NULL,
  `qr` varchar(50) COLLATE utf8mb4_unicode_ci NOT NULL,
  `total` decimal(24,2) NOT NULL,
  `fecha` date NOT NULL,
  `hora` time NOT NULL,
  `fecha_emision` date NOT NULL,
  `estado` int(11) NOT NULL,
  `observacion` varchar(100) COLLATE utf8mb4_unicode_ci DEFAULT NULL,
  `created_at` timestamp NULL DEFAULT NULL,
  `updated_at` timestamp NULL DEFAULT NULL
) ENGINE=InnoDB DEFAULT CHARSET=utf8mb4 COLLATE=utf8mb4_unicode_ci;

--
-- Volcado de datos para la tabla `facturas`
--

INSERT INTO `facturas` (`id`, `cobro_id`, `a_nombre`, `nit`, `nro_factura`, `codigo_control`, `qr`, `total`, `fecha`, `hora`, `fecha_emision`, `estado`, `observacion`, `created_at`, `updated_at`) VALUES
(1, 1, 'MAMANI', '8085285', 10001, '11-55-6F-AF-B1', '10001_1622561105.png', '15.00', '2021-06-01', '11:24:00', '2021-12-01', 1, '', '2021-06-01 15:25:05', '2021-06-01 15:25:05'),
(2, 2, 'VALENCIA', '6285158', 10002, 'D1-1D-ED-4A-52', '10002_1622561242.png', '16.00', '2021-06-01', '11:27:00', '2021-12-01', 1, '', '2021-06-01 15:27:22', '2021-06-01 15:27:22'),
(3, 3, 'PEREZ', '9382451', 10003, '31-B5-D5-51-7D', '10003_1622564911.png', '35.00', '2021-06-01', '12:28:00', '2021-12-01', 1, '', '2021-06-01 16:28:31', '2021-06-01 16:28:31'),
(4, 4, 'CHOQUE', '9090442', 10004, 'BE-CD-AE-96-BD', '10004_1622564975.png', '8.00', '2021-06-01', '12:29:00', '2021-12-01', 1, '', '2021-06-01 16:29:35', '2021-06-01 16:29:35'),
(5, 5, 'GUTIERREZ', '8545284', 10005, '25-EF-27-64-EF', '10005_1622572240.png', '18.00', '2021-06-01', '14:30:00', '2021-12-01', 1, '', '2021-06-01 18:30:40', '2021-06-01 18:30:40'),
(6, 6, 'MACHACA', '4525857', 10006, '6E-ED-F9-3E-2D', '10006_1622572277.png', '18.00', '2021-06-01', '14:30:00', '2021-12-01', 1, '', '2021-06-01 18:31:17', '2021-06-01 18:31:17'),
(7, 7, 'QUISPE', '2501588', 10007, 'E5-AD-73-E5-68', '10007_1622579506.png', '600.00', '2021-06-01', '16:31:00', '2021-12-01', 1, '', '2021-06-01 20:31:46', '2021-06-01 20:31:46'),
(8, 8, 'QUISPE', '2501588', 10008, 'AA-CB-BD-3D-13', '10008_1622634027.png', '600.00', '2021-06-02', '07:40:00', '2021-12-02', 1, 'COBRO ANTICIPADO POR PARQUEO DE 672 HORAS O MAS', '2021-06-02 11:40:27', '2021-06-02 11:40:27'),
(9, 9, 'MAMANI', '8085285', 10009, '4A-6B-4E-98-48', '10009_1622640017.png', '5.00', '2021-06-02', '09:20:00', '2021-12-02', 1, '', '2021-06-02 13:20:17', '2021-06-02 13:20:17'),
(10, 10, 'CHOQUE', '9090442', 10010, '2F-F1-23-A2-46', '10010_1622640279.png', '8.00', '2021-06-02', '09:24:00', '2021-12-02', 1, '', '2021-06-02 13:24:39', '2021-06-02 13:24:39'),
(11, 11, 'VALENCIA', '6285158', 10011, '38-3F-C2-9F-98', '10011_1622640517.png', '8.00', '2021-06-02', '09:28:00', '2021-12-02', 1, '', '2021-06-02 13:28:37', '2021-06-02 13:28:37'),
(12, 12, 'MACHACA', '4525857', 10012, 'F6-CC-45-BC-77', '10012_1622651512.png', '18.00', '2021-06-02', '12:31:00', '2021-12-02', 1, '', '2021-06-02 16:31:52', '2021-06-02 16:31:52'),
(13, 13, 'PEREZ', '9382451', 10013, '3A-C9-73-67-CC', '10013_1622651566.png', '35.00', '2021-06-02', '12:32:00', '2021-12-02', 1, '', '2021-06-02 16:32:46', '2021-06-02 16:32:46'),
(14, 14, 'MAMANI', '8085285', 10014, '75-8D-85-CB-B4', '10014_1622651652.png', '20.00', '2021-06-02', '12:34:00', '2021-12-02', 1, '', '2021-06-02 16:34:12', '2021-06-02 16:34:12'),
(15, 15, 'GUTIERREZ', '8545284', 10015, '44-52-C3-B2-85', '10015_1622652353.png', '18.00', '2021-06-02', '12:45:00', '2021-12-02', 1, '', '2021-06-02 16:45:53', '2021-06-02 16:45:53'),
(16, 16, 'CHOQUE', '9090442', 10016, '84-DA-2F-DE-4D', '10016_1622743433.png', '8.00', '2021-06-03', '14:03:00', '2021-12-03', 1, '', '2021-06-03 18:03:53', '2021-06-03 18:03:53'),
(17, 17, 'VALENCIA', '6285158', 10017, '88-74-29-9F-B9', '10017_1622750998.png', '16.00', '2021-06-03', '16:09:00', '2021-12-03', 1, '', '2021-06-03 20:09:58', '2021-06-03 20:09:58'),
(18, 18, 'MACHACA', '4525857', 10018, 'FD-72-A3-C2-17', '10018_1622751046.png', '18.00', '2021-06-03', '16:10:00', '2021-12-03', 1, '', '2021-06-03 20:10:46', '2021-06-03 20:10:46'),
(19, 19, 'MAMANI', '8085285', 10019, 'A3-C1-C6-7C-B4', '10019_1622751115.png', '15.00', '2021-06-03', '16:11:00', '2021-12-03', 1, '', '2021-06-03 20:11:55', '2021-06-03 20:11:55'),
(20, 20, 'GUTIERREZ', '8545284', 10020, 'D3-D9-47-44-FF', '10020_1622823352.png', '18.00', '2021-06-04', '12:15:00', '2021-12-04', 1, '', '2021-06-04 16:15:52', '2021-06-04 16:15:52'),
(21, 21, 'VALENCIA', '6285158', 10021, '37-4A-9C-9D-8B', '10021_1622823378.png', '8.00', '2021-06-04', '12:15:00', '2021-12-04', 1, '', '2021-06-04 16:16:18', '2021-06-04 16:16:18'),
(22, 22, 'MACHACA', '4525857', 10022, '9E-CB-61-24-CB', '10022_1622823393.png', '18.00', '2021-06-04', '12:16:00', '2021-12-04', 1, '', '2021-06-04 16:16:33', '2021-06-04 16:16:33'),
(23, 23, 'PEREZ', '9382451', 10023, 'DE-74-67-12-78', '10023_1622837858.png', '35.00', '2021-06-04', '16:17:00', '2021-12-04', 1, '', '2021-06-04 20:17:38', '2021-06-04 20:17:38'),
(24, 24, 'CHOQUE', '9090442', 10024, 'B4-43-36-81-DC', '10024_1622906468.png', '8.00', '2021-06-05', '11:21:00', '2021-12-05', 1, '', '2021-06-05 15:21:08', '2021-06-05 15:21:08'),
(25, 25, 'PEREZ', '9382451', 10025, '89-65-D1-E7-62', '10025_1622920912.png', '35.00', '2021-06-05', '15:21:00', '2021-12-05', 1, '', '2021-06-05 19:21:52', '2021-06-05 19:21:52'),
(26, 26, 'MAMANI', '8085285', 10026, '69-BA-68-C5-F5', '10026_1623069168.png', '10.00', '2021-06-07', '08:32:00', '2021-12-07', 1, '', '2021-06-07 12:32:48', '2021-06-07 12:32:48'),
(27, 27, 'VALENCIA', '6285158', 10027, 'F8-E5-3B-48-1B', '10027_1623076413.png', '16.00', '2021-06-07', '10:33:00', '2021-12-07', 1, '', '2021-06-07 14:33:33', '2021-06-07 14:33:33'),
(28, 28, 'GUTIERREZ', '8545284', 10028, '59-F2-4B-CC-E1', '10028_1623076436.png', '18.00', '2021-06-07', '10:33:00', '2021-12-07', 1, '', '2021-06-07 14:33:56', '2021-06-07 14:33:56'),
(29, 29, 'MACHACA', '4525857', 10029, '8F-B8-7D-97-93', '10029_1623172521.png', '18.00', '2021-06-08', '13:15:00', '2021-12-08', 1, '', '2021-06-08 17:15:21', '2021-06-08 17:15:21'),
(30, 30, 'PEREZ', '9382451', 10030, '1D-61-D9-6C-3F', '10030_1623185487.png', '35.00', '2021-06-08', '16:51:00', '2021-12-08', 1, '', '2021-06-08 20:51:27', '2021-06-08 20:51:27'),
(31, 31, 'MAMANI', '8085285', 10031, 'FE-E6-D8-E6-88', '10031_1623156993.png', '10.00', '2021-06-08', '08:56:00', '2021-12-08', 1, '', '2021-06-08 12:56:33', '2021-06-08 12:56:33'),
(32, 32, 'GUTIERREZ', '8545284', 10032, '4C-84-11-B2-47', '10032_1623175841.png', '18.00', '2021-06-08', '14:10:00', '2021-12-08', 1, '', '2021-06-08 18:10:41', '2021-06-08 18:10:41'),
(33, 33, 'MACHACA', '4525857', 10033, '94-12-45-24-2D', '10033_1623425779.png', '18.00', '2021-06-11', '11:36:00', '2021-12-11', 1, '', '2021-06-11 15:36:19', '2021-06-11 15:36:19'),
(34, 34, 'VALENCIA', '6285158', 10034, '69-64-23-98-CC', '10034_1623331038.png', '16.00', '2021-06-10', '09:17:00', '2021-12-10', 1, '', '2021-06-10 13:17:18', '2021-06-10 13:17:18'),
(35, 35, 'GUTIERREZ', '8545284', 10035, '81-EC-27-B9-A9', '10035_1623331078.png', '18.00', '2021-06-10', '09:17:00', '2021-12-10', 1, '', '2021-06-10 13:17:58', '2021-06-10 13:17:58'),
(36, 36, 'CHOQUE', '9090442', 10036, 'A6-FC-C1-1D-85', '10036_1623331118.png', '200.00', '2021-06-10', '09:18:00', '2021-12-10', 1, '', '2021-06-10 13:18:38', '2021-06-10 13:18:38'),
(37, 37, 'MACHACA', '4525857', 10037, '55-75-14-BD-77', '10037_1623356467.png', '36.00', '2021-06-10', '16:20:00', '2021-12-10', 1, '', '2021-06-10 20:21:07', '2021-06-10 20:21:07'),
(38, 38, 'CHOQUE', '9090442', 10038, '86-AC-DB-A7-19', '10038_1623673817.png', '8.00', '2021-06-14', '08:30:00', '2021-12-14', 1, '', '2021-06-14 12:30:17', '2021-06-14 12:30:17'),
(39, 39, 'MACHACA', '4525857', 10039, '21-BC-65-E2-65', '10039_1623681037.png', '18.00', '2021-06-14', '10:30:00', '2021-12-14', 1, '', '2021-06-14 14:30:37', '2021-06-14 14:30:37'),
(40, 40, 'GUTIERREZ', '8545284', 10040, '1F-A9-A6-1D-81', '10040_1623688462.png', '18.00', '2021-06-14', '12:34:00', '2021-12-14', 1, '', '2021-06-14 16:34:22', '2021-06-14 16:34:22'),
(41, 41, 'MACHACA', '4525857', 10041, '67-BC-46-88-CA', '10041_1623688481.png', '18.00', '2021-06-14', '12:34:00', '2021-12-14', 1, '', '2021-06-14 16:34:41', '2021-06-14 16:34:41'),
(42, 42, 'CHOQUE', '9090442', 10042, 'EF-55-7B-BB-4D', '10042_1623692145.png', '8.00', '2021-06-14', '13:35:00', '2021-12-14', 1, '', '2021-06-14 17:35:45', '2021-06-14 17:35:45'),
(43, 43, 'QUISPE', '9058452', 10043, 'DD-4E-98-61-6E', '10043_1623692192.png', '600.00', '2021-06-14', '13:36:00', '2021-12-14', 1, '', '2021-06-14 17:36:32', '2021-06-14 17:36:32'),
(44, 44, 'PEREZ', '9382451', 10044, 'C8-7A-79-4F-37', '10044_1623703061.png', '35.00', '2021-06-14', '16:37:00', '2021-12-14', 1, '', '2021-06-14 20:37:41', '2021-06-14 20:37:41'),
(45, 45, 'PEREZ', '9382451', 10045, 'C8-CC-5C-37-B5', '10045_1624795940.png', '35.00', '2021-06-27', '08:12:00', '2021-12-27', 1, '', '2021-06-27 12:12:20', '2021-06-27 12:12:20'),
(46, 46, 'MAMANI', '8085285', 10046, 'D1-21-2E-BB-7A', '10046_1624799573.png', '10.00', '2021-06-27', '09:12:00', '2021-12-27', 1, '', '2021-06-27 13:12:53', '2021-06-27 13:12:53'),
(47, 47, 'MACHACA', '4525857', 10047, '9D-BE-DD-CB-5A', '10047_1624803258.png', '18.00', '2021-06-27', '10:14:00', '2021-12-27', 1, '', '2021-06-27 14:14:18', '2021-06-27 14:14:18'),
(48, 48, 'GUTIERREZ', '8545284', 10048, 'CA-35-93-5C-85', '10048_1624803282.png', '18.00', '2021-06-27', '10:14:00', '2021-12-27', 1, '', '2021-06-27 14:14:42', '2021-06-27 14:14:42'),
(49, 49, 'CHOQUE', '9090442', 10049, 'C3-25-97-8F-AA', '10049_1624806167.png', '8.00', '2021-06-27', '11:02:00', '2021-12-27', 1, '', '2021-06-27 15:02:47', '2021-06-27 15:02:47'),
(50, 50, 'GUTIERREZ', '8545284', 10050, '76-35-87-F3-A3', '10050_1624806205.png', '18.00', '2021-06-27', '11:02:00', '2021-12-27', 1, '', '2021-06-27 15:03:25', '2021-06-27 15:03:25'),
(51, 51, 'MAMANI', '8085285', 10051, '4D-98-B6-63-43', '10051_1624806238.png', '5.00', '2021-06-27', '11:03:00', '2021-12-27', 1, '', '2021-06-27 15:03:58', '2021-06-27 15:03:58'),
(52, 52, 'VALENCIA', '6285158', 10052, '6E-2B-D9-21-72', '10052_1624824403.png', '24.00', '2021-06-27', '16:06:00', '2021-12-27', 1, '', '2021-06-27 20:06:43', '2021-06-27 20:06:43'),
(53, 53, 'PEREZ', '9382451', 10053, '19-33-5F-97-F7', '10053_1624828032.png', '35.00', '2021-06-27', '17:07:00', '2021-12-27', 1, '', '2021-06-27 21:07:12', '2021-06-27 21:07:12'),
(54, 54, 'QUISPE', '9058452', 10054, '66-DB-82-EA-44', '10054_1624833581.png', '600.00', '2021-06-27', '18:39:00', '2021-12-27', 1, '', '2021-06-27 22:39:41', '2021-06-27 22:39:41'),
(55, 55, 'PEREZ', '9382451', 10055, '23-3C-A3-8C-CA', '10055_1624833644.png', '35.00', '2021-06-27', '18:40:00', '2021-12-27', 1, '', '2021-06-27 22:40:44', '2021-06-27 22:40:44'),
(56, 56, 'CHOQUE', '9090442', 10056, '1F-2B-C1-B9-81', '10056_1624886816.png', '8.00', '2021-06-28', '09:26:00', '2021-12-28', 1, '', '2021-06-28 13:26:56', '2021-06-28 13:26:56'),
(57, 57, 'MACHACA', '4525857', 10057, 'E1-A2-A8-11-AE', '10057_1624897644.png', '18.00', '2021-06-28', '12:27:00', '2021-12-28', 1, '', '2021-06-28 16:27:24', '2021-06-28 16:27:24'),
(58, 58, 'GUTIERREZ', '8545284', 10058, '3B-97-7E-BE-2D', '10058_1624904884.png', '18.00', '2021-06-28', '14:27:00', '2021-12-28', 1, '', '2021-06-28 18:28:04', '2021-06-28 18:28:04'),
(59, 59, 'MACHACA', '4525857', 10059, 'C8-5E-1A-F9-47', '10059_1624979147.png', '18.00', '2021-06-29', '11:05:00', '2021-12-29', 1, '', '2021-06-29 15:05:47', '2021-06-29 15:05:47'),
(60, 60, 'PEREZ', '9382451', 10060, '5F-A1-2C-85-4C', '10060_1624979157.png', '35.00', '2021-06-29', '11:05:00', '2021-12-29', 1, '', '2021-06-29 15:05:57', '2021-06-29 15:05:57'),
(61, 61, 'PEREZ', '9382451', 10061, '26-B8-8E-9B-5D', '10061_1625069571.png', '35.00', '2021-06-30', '12:12:00', '2021-12-30', 1, '', '2021-06-30 16:12:51', '2021-06-30 16:12:51'),
(62, 62, 'CHOQUE', '9090442', 10062, 'A4-9A-72-74-37', '10062_1625143105.png', '8.00', '2021-07-01', '08:38:00', '2022-01-01', 1, '', '2021-07-01 12:38:25', '2021-07-01 12:38:25'),
(63, 63, 'MACHACA', '4525857', 10063, 'A3-A9-1A-A1-C9', '10063_1625150328.png', '18.00', '2021-07-01', '10:38:00', '2022-01-01', 1, '', '2021-07-01 14:38:49', '2021-07-01 14:38:49'),
(64, 64, 'PEREZ', '9382451', 10064, '3E-38-D4-1B-5B', '10064_1625157594.png', '35.00', '2021-07-01', '12:39:00', '2022-01-01', 1, '', '2021-07-01 16:39:54', '2021-07-01 16:39:54'),
(65, 65, 'CHOQUE', '9090442', 10065, 'BF-58-C7-2E-C4', '10065_1625232508.png', '8.00', '2021-07-02', '09:28:00', '2022-01-02', 1, '', '2021-07-02 13:28:28', '2021-07-02 13:28:28'),
(66, 66, 'MACHACA', '4525857', 10066, '85-FB-9F-A9-8B', '10066_1625239730.png', '18.00', '2021-07-02', '11:28:00', '2022-01-02', 1, '', '2021-07-02 15:28:50', '2021-07-02 15:28:50'),
(67, 67, 'PEREZ', '9382451', 10067, '7A-63-4A-A4-47', '10067_1625254166.png', '35.00', '2021-07-02', '15:29:00', '2022-01-02', 1, '', '2021-07-02 19:29:26', '2021-07-02 19:29:26'),
(68, 68, 'CHOQUE', '9090442', 10068, '23-1A-3C-D8-BF', '10068_1625319281.png', '8.00', '2021-07-03', '09:34:00', '2022-01-03', 1, '', '2021-07-03 13:34:41', '2021-07-03 13:34:41'),
(69, 69, 'MACHACA', '4525857', 10069, '19-43-F9-44-EC', '10069_1625322910.png', '18.00', '2021-07-03', '10:35:00', '2022-01-03', 1, '', '2021-07-03 14:35:10', '2021-07-03 14:35:10'),
(70, 70, 'VALENCIA', '6285158', 10070, '74-48-72-AC-DA', '10070_1625445000.png', '8.00', '2021-07-04', '20:29:00', '2022-01-04', 1, '', '2021-07-05 00:30:00', '2021-07-05 00:30:00'),
(71, 71, 'MAMANI', '8085285', 10071, 'BB-3A-7A-16-1E', '10071_1625445023.png', '5.00', '2021-07-04', '20:30:00', '2022-01-04', 1, '', '2021-07-05 00:30:23', '2021-07-05 00:30:23');

-- --------------------------------------------------------

--
-- Estructura de tabla para la tabla `ingreso_salidas`
--

CREATE TABLE `ingreso_salidas` (
  `id` bigint(20) UNSIGNED NOT NULL,
  `vehiculo_id` int(10) UNSIGNED NOT NULL,
  `accion` enum('INGRESO','SALIDA') COLLATE utf8mb4_unicode_ci NOT NULL,
  `hora` time NOT NULL,
  `observacion` varchar(100) COLLATE utf8mb4_unicode_ci DEFAULT NULL,
  `fecha_reg` date NOT NULL,
  `tipo` enum('NORMAL','INGRESO MENSUAL','SALIDA MENSUAL','HISTORICO') COLLATE utf8mb4_unicode_ci NOT NULL,
  `status` int(11) NOT NULL,
  `created_at` timestamp NULL DEFAULT NULL,
  `updated_at` timestamp NULL DEFAULT NULL
) ENGINE=InnoDB DEFAULT CHARSET=utf8mb4 COLLATE=utf8mb4_unicode_ci;

--
-- Volcado de datos para la tabla `ingreso_salidas`
--

INSERT INTO `ingreso_salidas` (`id`, `vehiculo_id`, `accion`, `hora`, `observacion`, `fecha_reg`, `tipo`, `status`, `created_at`, `updated_at`) VALUES
(1, 2, 'INGRESO', '08:18:00', NULL, '2021-06-01', 'NORMAL', 1, '2021-06-01 12:18:41', '2021-06-01 12:18:41'),
(2, 3, 'INGRESO', '08:19:00', NULL, '2021-06-01', 'NORMAL', 1, '2021-06-01 12:19:11', '2021-06-01 12:19:11'),
(3, 1, 'INGRESO', '09:19:00', NULL, '2021-06-01', 'NORMAL', 1, '2021-06-01 13:19:50', '2021-06-01 13:19:50'),
(4, 5, 'INGRESO', '09:20:00', '', '2021-06-01', 'INGRESO MENSUAL', 1, '2021-06-01 13:20:58', '2021-06-01 13:20:58'),
(5, 6, 'INGRESO', '11:23:00', NULL, '2021-06-01', 'NORMAL', 1, '2021-06-01 15:23:22', '2021-06-01 15:23:22'),
(6, 7, 'INGRESO', '11:23:00', NULL, '2021-06-01', 'NORMAL', 1, '2021-06-01 15:23:49', '2021-06-01 15:23:49'),
(7, 4, 'INGRESO', '11:24:00', NULL, '2021-06-01', 'NORMAL', 1, '2021-06-01 15:24:26', '2021-06-01 15:24:26'),
(8, 1, 'SALIDA', '11:24:00', '', '2021-06-01', 'NORMAL', 1, '2021-06-01 15:25:05', '2021-06-01 15:25:05'),
(9, 2, 'SALIDA', '11:27:00', '', '2021-06-01', 'NORMAL', 1, '2021-06-01 15:27:21', '2021-06-01 15:27:21'),
(10, 3, 'SALIDA', '12:28:00', '', '2021-06-01', 'NORMAL', 1, '2021-06-01 16:28:30', '2021-06-01 16:28:30'),
(11, 7, 'SALIDA', '12:29:00', '', '2021-06-01', 'NORMAL', 1, '2021-06-01 16:29:35', '2021-06-01 16:29:35'),
(12, 4, 'SALIDA', '14:30:00', '', '2021-06-01', 'NORMAL', 1, '2021-06-01 18:30:40', '2021-06-01 18:30:40'),
(13, 6, 'SALIDA', '14:30:00', '', '2021-06-01', 'NORMAL', 1, '2021-06-01 18:31:16', '2021-06-01 18:31:16'),
(14, 5, 'SALIDA', '16:31:00', '', '2021-06-01', 'INGRESO MENSUAL', 1, '2021-06-01 20:31:46', '2021-06-01 20:31:46'),
(15, 5, 'INGRESO', '07:40:00', NULL, '2021-06-02', 'INGRESO MENSUAL', 1, '2021-06-02 11:40:27', '2021-06-02 11:40:27'),
(16, 5, 'SALIDA', '07:40:00', NULL, '2021-06-30', 'SALIDA MENSUAL', 1, '2021-06-02 11:40:27', '2021-06-02 11:40:27'),
(17, 6, 'INGRESO', '07:40:00', NULL, '2021-06-02', 'NORMAL', 1, '2021-06-02 11:40:44', '2021-06-02 11:40:44'),
(18, 7, 'INGRESO', '08:55:00', NULL, '2021-06-02', 'NORMAL', 1, '2021-06-02 12:55:02', '2021-06-02 12:55:02'),
(19, 1, 'INGRESO', '08:55:00', NULL, '2021-06-02', 'NORMAL', 1, '2021-06-02 12:55:24', '2021-06-02 12:55:24'),
(20, 2, 'INGRESO', '09:18:00', NULL, '2021-06-02', 'NORMAL', 1, '2021-06-02 13:18:05', '2021-06-02 13:18:05'),
(21, 3, 'INGRESO', '09:19:00', NULL, '2021-06-02', 'NORMAL', 1, '2021-06-02 13:19:08', '2021-06-02 13:19:08'),
(22, 1, 'SALIDA', '09:20:00', NULL, '2021-06-02', 'NORMAL', 1, '2021-06-02 13:20:16', '2021-06-02 13:20:16'),
(23, 5, 'SALIDA', '09:22:00', NULL, '2021-06-02', 'HISTORICO', 1, '2021-06-02 13:22:18', '2021-06-02 13:22:18'),
(24, 7, 'SALIDA', '09:24:00', NULL, '2021-06-02', 'NORMAL', 1, '2021-06-02 13:24:39', '2021-06-02 13:24:39'),
(25, 1, 'INGRESO', '09:25:00', NULL, '2021-06-02', 'NORMAL', 1, '2021-06-02 13:25:56', '2021-06-02 13:25:56'),
(26, 2, 'SALIDA', '09:28:00', NULL, '2021-06-02', 'NORMAL', 1, '2021-06-02 13:28:37', '2021-06-02 13:28:37'),
(27, 5, 'INGRESO', '12:31:00', NULL, '2021-06-02', 'HISTORICO', 1, '2021-06-02 16:31:23', '2021-06-02 16:31:23'),
(28, 6, 'SALIDA', '12:31:00', '', '2021-06-02', 'NORMAL', 1, '2021-06-02 16:31:52', '2021-06-02 16:31:52'),
(29, 3, 'SALIDA', '12:32:00', '', '2021-06-02', 'NORMAL', 1, '2021-06-02 16:32:46', '2021-06-02 16:32:46'),
(30, 4, 'INGRESO', '12:33:00', NULL, '2021-06-02', 'NORMAL', 1, '2021-06-02 16:33:41', '2021-06-02 16:33:41'),
(31, 1, 'SALIDA', '12:34:00', NULL, '2021-06-02', 'NORMAL', 1, '2021-06-02 16:34:11', '2021-06-02 16:34:11'),
(32, 4, 'SALIDA', '12:45:00', '', '2021-06-02', 'NORMAL', 1, '2021-06-02 16:45:52', '2021-06-02 16:45:52'),
(33, 5, 'SALIDA', '12:54:00', NULL, '2021-06-02', 'HISTORICO', 1, '2021-06-02 16:54:09', '2021-06-02 16:54:09'),
(34, 5, '', '12:54:00', '', '2021-06-02', 'INGRESO MENSUAL', 1, '2021-06-02 16:54:13', '2021-06-02 16:54:13'),
(35, 5, 'INGRESO', '12:59:00', NULL, '2021-06-03', 'HISTORICO', 1, '2021-06-03 16:59:29', '2021-06-03 16:59:29'),
(36, 7, 'INGRESO', '12:59:00', NULL, '2021-06-03', 'NORMAL', 1, '2021-06-03 16:59:50', '2021-06-03 16:59:50'),
(37, 6, 'INGRESO', '13:00:00', NULL, '2021-06-03', 'NORMAL', 1, '2021-06-03 17:00:02', '2021-06-03 17:00:02'),
(38, 7, 'SALIDA', '14:03:00', '', '2021-06-03', 'NORMAL', 1, '2021-06-03 18:03:53', '2021-06-03 18:03:53'),
(39, 1, 'INGRESO', '14:08:00', NULL, '2021-06-03', 'NORMAL', 1, '2021-06-03 18:08:39', '2021-06-03 18:08:39'),
(40, 2, 'INGRESO', '14:09:00', NULL, '2021-06-03', 'NORMAL', 1, '2021-06-03 18:09:16', '2021-06-03 18:09:16'),
(41, 2, 'SALIDA', '16:09:00', '', '2021-06-03', 'NORMAL', 1, '2021-06-03 20:09:57', '2021-06-03 20:09:57'),
(42, 6, 'SALIDA', '16:10:00', '', '2021-06-03', 'NORMAL', 1, '2021-06-03 20:10:46', '2021-06-03 20:10:46'),
(43, 5, 'SALIDA', '16:10:00', NULL, '2021-06-03', 'HISTORICO', 1, '2021-06-03 20:10:59', '2021-06-03 20:10:59'),
(44, 5, '', '16:10:00', '', '2021-06-03', 'INGRESO MENSUAL', 1, '2021-06-03 20:11:03', '2021-06-03 20:11:03'),
(45, 1, 'SALIDA', '16:11:00', '', '2021-06-03', 'NORMAL', 1, '2021-06-03 20:11:54', '2021-06-03 20:11:54'),
(46, 1, 'SALIDA', '16:11:00', '', '2021-06-03', 'NORMAL', 1, '2021-06-03 20:11:56', '2021-06-03 20:11:56'),
(47, 5, 'INGRESO', '08:13:00', NULL, '2021-06-04', 'HISTORICO', 1, '2021-06-04 12:13:22', '2021-06-04 12:13:22'),
(48, 6, 'INGRESO', '09:13:00', NULL, '2021-06-04', 'NORMAL', 1, '2021-06-04 13:13:44', '2021-06-04 13:13:44'),
(49, 3, 'INGRESO', '09:14:00', NULL, '2021-06-04', 'NORMAL', 1, '2021-06-04 13:14:07', '2021-06-04 13:14:07'),
(50, 4, 'INGRESO', '09:14:00', NULL, '2021-06-04', 'NORMAL', 1, '2021-06-04 13:14:26', '2021-06-04 13:14:26'),
(51, 2, 'INGRESO', '11:15:00', NULL, '2021-06-04', 'NORMAL', 1, '2021-06-04 15:15:17', '2021-06-04 15:15:17'),
(52, 4, 'SALIDA', '12:15:00', '', '2021-06-04', 'NORMAL', 1, '2021-06-04 16:15:51', '2021-06-04 16:15:51'),
(53, 2, 'SALIDA', '12:15:00', '', '2021-06-04', 'NORMAL', 1, '2021-06-04 16:16:17', '2021-06-04 16:16:17'),
(54, 6, 'SALIDA', '12:16:00', '', '2021-06-04', 'NORMAL', 1, '2021-06-04 16:16:32', '2021-06-04 16:16:32'),
(55, 5, 'SALIDA', '16:17:00', NULL, '2021-06-04', 'HISTORICO', 1, '2021-06-04 20:17:07', '2021-06-04 20:17:07'),
(56, 3, 'SALIDA', '16:17:00', '', '2021-06-04', 'NORMAL', 1, '2021-06-04 20:17:37', '2021-06-04 20:17:37'),
(57, 5, 'INGRESO', '10:19:00', NULL, '2021-06-05', 'HISTORICO', 1, '2021-06-05 14:19:54', '2021-06-05 14:19:54'),
(58, 5, 'SALIDA', '10:19:00', NULL, '2021-06-05', 'HISTORICO', 1, '2021-06-05 14:19:56', '2021-06-05 14:19:56'),
(59, 5, 'INGRESO', '10:20:00', NULL, '2021-06-05', 'HISTORICO', 1, '2021-06-05 14:20:09', '2021-06-05 14:20:09'),
(60, 7, 'INGRESO', '10:20:00', NULL, '2021-06-05', 'NORMAL', 1, '2021-06-05 14:20:24', '2021-06-05 14:20:24'),
(61, 3, 'INGRESO', '10:20:00', NULL, '2021-06-05', 'NORMAL', 1, '2021-06-05 14:20:44', '2021-06-05 14:20:44'),
(62, 7, 'SALIDA', '11:21:00', '', '2021-06-05', 'NORMAL', 1, '2021-06-05 15:21:08', '2021-06-05 15:21:08'),
(63, 5, 'SALIDA', '15:21:00', NULL, '2021-06-05', 'HISTORICO', 1, '2021-06-05 19:21:37', '2021-06-05 19:21:37'),
(64, 3, 'SALIDA', '15:21:00', '', '2021-06-05', 'NORMAL', 1, '2021-06-05 19:21:52', '2021-06-05 19:21:52'),
(65, 5, 'INGRESO', '07:31:00', NULL, '2021-06-07', 'HISTORICO', 1, '2021-06-07 11:31:03', '2021-06-07 11:31:03'),
(66, 1, 'INGRESO', '07:31:00', NULL, '2021-06-07', 'NORMAL', 1, '2021-06-07 11:31:31', '2021-06-07 11:31:31'),
(67, 2, 'INGRESO', '07:31:00', NULL, '2021-06-07', 'NORMAL', 1, '2021-06-07 11:31:52', '2021-06-07 11:31:52'),
(68, 4, 'INGRESO', '08:32:00', NULL, '2021-06-07', 'NORMAL', 1, '2021-06-07 12:32:19', '2021-06-07 12:32:19'),
(69, 1, 'SALIDA', '08:32:00', '', '2021-06-07', 'NORMAL', 1, '2021-06-07 12:32:47', '2021-06-07 12:32:47'),
(70, 2, 'SALIDA', '10:33:00', '', '2021-06-07', 'NORMAL', 1, '2021-06-07 14:33:32', '2021-06-07 14:33:32'),
(71, 4, 'SALIDA', '10:33:00', '', '2021-06-07', 'NORMAL', 1, '2021-06-07 14:33:56', '2021-06-07 14:33:56'),
(72, 5, 'SALIDA', '16:34:00', NULL, '2021-06-07', 'HISTORICO', 1, '2021-06-07 20:34:32', '2021-06-07 20:34:32'),
(73, 5, 'INGRESO', '07:35:00', NULL, '2021-06-08', 'HISTORICO', 1, '2021-06-08 11:35:12', '2021-06-08 11:35:12'),
(74, 3, 'INGRESO', '07:35:00', NULL, '2021-06-08', 'NORMAL', 1, '2021-06-08 11:35:43', '2021-06-08 11:35:43'),
(75, 6, 'INGRESO', '09:35:00', NULL, '2021-06-08', 'NORMAL', 1, '2021-06-08 13:35:58', '2021-06-08 13:35:58'),
(76, 5, 'SALIDA', '11:36:00', NULL, '2021-06-08', 'HISTORICO', 1, '2021-06-08 15:36:44', '2021-06-08 15:36:44'),
(77, 6, 'SALIDA', '13:15:00', '', '2021-06-08', 'NORMAL', 1, '2021-06-08 17:15:20', '2021-06-08 17:15:20'),
(78, 5, 'INGRESO', '13:50:00', NULL, '2021-06-08', 'HISTORICO', 1, '2021-06-08 17:50:46', '2021-06-08 17:50:46'),
(79, 3, 'SALIDA', '16:51:00', '', '2021-06-08', 'NORMAL', 1, '2021-06-08 20:51:27', '2021-06-08 20:51:27'),
(80, 5, 'SALIDA', '16:51:00', NULL, '2021-06-08', 'HISTORICO', 1, '2021-06-08 20:51:46', '2021-06-08 20:51:46'),
(81, 5, 'INGRESO', '07:52:00', NULL, '2021-06-08', 'HISTORICO', 1, '2021-06-08 11:52:03', '2021-06-08 11:52:03'),
(82, 7, 'INGRESO', '07:52:00', NULL, '2021-06-08', 'NORMAL', 1, '2021-06-08 11:52:55', '2021-06-08 11:52:55'),
(83, 1, 'INGRESO', '07:53:00', NULL, '2021-06-08', 'NORMAL', 1, '2021-06-08 11:53:17', '2021-06-08 11:53:17'),
(84, 1, 'SALIDA', '08:56:00', '', '2021-06-08', 'NORMAL', 1, '2021-06-08 12:56:32', '2021-06-08 12:56:32'),
(85, 4, 'INGRESO', '10:57:00', NULL, '2021-06-08', 'NORMAL', 1, '2021-06-08 14:57:19', '2021-06-08 14:57:19'),
(86, 4, 'SALIDA', '14:10:00', '', '2021-06-08', 'NORMAL', 1, '2021-06-08 18:10:40', '2021-06-08 18:10:40'),
(87, 5, 'SALIDA', '16:23:00', NULL, '2021-06-08', 'HISTORICO', 1, '2021-06-08 20:23:33', '2021-06-08 20:23:33'),
(88, 5, 'INGRESO', '07:35:00', NULL, '2021-06-09', 'HISTORICO', 1, '2021-06-09 11:35:03', '2021-06-09 11:35:03'),
(89, 6, 'INGRESO', '07:35:00', NULL, '2021-06-11', 'NORMAL', 1, '2021-06-11 11:35:55', '2021-06-11 11:35:55'),
(90, 6, 'SALIDA', '11:36:00', '', '2021-06-11', 'NORMAL', 1, '2021-06-11 15:36:18', '2021-06-11 15:36:18'),
(91, 5, 'SALIDA', '01:02:00', NULL, '2021-07-04', 'HISTORICO', 1, '2021-07-04 05:02:25', '2021-07-04 05:02:25'),
(92, 5, 'INGRESO', '07:15:00', '', '2021-06-10', 'INGRESO MENSUAL', 1, '2021-06-10 11:15:22', '2021-06-10 11:15:22'),
(93, 6, 'INGRESO', '07:16:00', NULL, '2021-06-10', 'NORMAL', 1, '2021-06-10 11:16:13', '2021-06-10 11:16:13'),
(94, 4, 'INGRESO', '07:16:00', NULL, '2021-06-10', 'NORMAL', 1, '2021-06-10 11:16:31', '2021-06-10 11:16:31'),
(95, 2, 'INGRESO', '07:16:00', NULL, '2021-06-10', 'NORMAL', 1, '2021-06-10 11:16:58', '2021-06-10 11:16:58'),
(96, 2, 'SALIDA', '09:17:00', '', '2021-06-10', 'NORMAL', 1, '2021-06-10 13:17:18', '2021-06-10 13:17:18'),
(97, 4, 'SALIDA', '09:17:00', '', '2021-06-10', 'NORMAL', 1, '2021-06-10 13:17:57', '2021-06-10 13:17:57'),
(98, 7, 'SALIDA', '09:18:00', '', '2021-06-10', 'NORMAL', 1, '2021-06-10 13:18:37', '2021-06-10 13:18:37'),
(99, 5, 'INGRESO', '11:19:00', NULL, '2021-06-10', 'HISTORICO', 1, '2021-06-10 15:19:51', '2021-06-10 15:19:51'),
(100, 5, 'SALIDA', '16:20:00', NULL, '2021-06-10', 'HISTORICO', 1, '2021-06-10 20:20:14', '2021-06-10 20:20:14'),
(101, 6, 'SALIDA', '16:20:00', '', '2021-06-10', 'NORMAL', 1, '2021-06-10 20:21:07', '2021-06-10 20:21:07'),
(102, 5, 'INGRESO', '07:24:00', NULL, '2021-06-14', 'HISTORICO', 1, '2021-06-14 11:24:22', '2021-06-14 11:24:22'),
(103, 7, 'INGRESO', '07:24:00', NULL, '2021-06-14', 'NORMAL', 1, '2021-06-14 11:24:28', '2021-06-14 11:24:28'),
(104, 6, 'INGRESO', '07:24:00', NULL, '2021-06-14', 'NORMAL', 1, '2021-06-14 11:24:37', '2021-06-14 11:24:37'),
(105, 3, 'INGRESO', '07:24:00', NULL, '2021-06-14', 'NORMAL', 1, '2021-06-14 11:24:56', '2021-06-14 11:24:56'),
(106, 7, 'SALIDA', '08:30:00', '', '2021-06-14', 'NORMAL', 1, '2021-06-14 12:30:16', '2021-06-14 12:30:16'),
(107, 6, 'SALIDA', '10:30:00', '', '2021-06-14', 'NORMAL', 1, '2021-06-14 14:30:35', '2021-06-14 14:30:35'),
(108, 4, 'INGRESO', '10:30:00', NULL, '2021-06-14', 'NORMAL', 1, '2021-06-14 14:30:55', '2021-06-14 14:30:55'),
(109, 8, 'INGRESO', '10:32:00', '', '2021-06-14', 'INGRESO MENSUAL', 1, '2021-06-14 14:33:05', '2021-06-14 14:33:05'),
(110, 6, 'INGRESO', '10:33:00', NULL, '2021-06-14', 'NORMAL', 1, '2021-06-14 14:33:43', '2021-06-14 14:33:43'),
(111, 4, 'SALIDA', '12:34:00', '', '2021-06-14', 'NORMAL', 1, '2021-06-14 16:34:21', '2021-06-14 16:34:21'),
(112, 6, 'SALIDA', '12:34:00', '', '2021-06-14', 'NORMAL', 1, '2021-06-14 16:34:41', '2021-06-14 16:34:41'),
(113, 7, 'INGRESO', '12:34:00', NULL, '2021-06-14', 'NORMAL', 1, '2021-06-14 16:34:52', '2021-06-14 16:34:52'),
(114, 7, 'SALIDA', '13:35:00', '', '2021-06-14', 'NORMAL', 1, '2021-06-14 17:35:44', '2021-06-14 17:35:44'),
(115, 8, 'SALIDA', '13:36:00', '', '2021-06-14', 'INGRESO MENSUAL', 1, '2021-06-14 17:36:32', '2021-06-14 17:36:32'),
(116, 3, 'SALIDA', '16:37:00', '', '2021-06-14', 'NORMAL', 1, '2021-06-14 20:37:41', '2021-06-14 20:37:41'),
(117, 5, 'SALIDA', '16:37:00', NULL, '2021-06-14', 'HISTORICO', 1, '2021-06-14 20:37:57', '2021-06-14 20:37:57'),
(118, 5, 'INGRESO', '08:09:00', NULL, '2021-06-15', 'HISTORICO', 1, '2021-06-15 12:09:19', '2021-06-15 12:09:19'),
(119, 5, '', '08:09:00', '', '2021-06-15', 'INGRESO MENSUAL', 1, '2021-06-15 12:09:23', '2021-06-15 12:09:23'),
(120, 5, 'SALIDA', '08:10:00', NULL, '2021-06-15', 'HISTORICO', 1, '2021-06-15 12:10:00', '2021-06-15 12:10:00'),
(121, 5, 'INGRESO', '08:10:00', NULL, '2021-06-27', 'HISTORICO', 1, '2021-06-27 12:10:47', '2021-06-27 12:10:47'),
(122, 8, 'INGRESO', '08:11:00', '', '2021-06-27', 'INGRESO MENSUAL', 1, '2021-06-27 12:11:14', '2021-06-27 12:11:14'),
(123, 3, 'INGRESO', '08:11:00', NULL, '2021-06-27', 'NORMAL', 1, '2021-06-27 12:11:32', '2021-06-27 12:11:32'),
(124, 6, 'INGRESO', '08:11:00', NULL, '2021-06-27', 'NORMAL', 1, '2021-06-27 12:11:47', '2021-06-27 12:11:47'),
(125, 4, 'INGRESO', '08:12:00', NULL, '2021-06-27', 'NORMAL', 1, '2021-06-27 12:12:02', '2021-06-27 12:12:02'),
(126, 3, 'SALIDA', '08:12:00', '', '2021-06-27', 'NORMAL', 1, '2021-06-27 12:12:19', '2021-06-27 12:12:19'),
(127, 1, 'INGRESO', '08:12:00', NULL, '2021-06-27', 'NORMAL', 1, '2021-06-27 12:12:30', '2021-06-27 12:12:30'),
(128, 1, 'SALIDA', '09:12:00', '', '2021-06-27', 'NORMAL', 1, '2021-06-27 13:12:53', '2021-06-27 13:12:53'),
(129, 1, 'INGRESO', '10:12:00', NULL, '2021-06-27', 'NORMAL', 1, '2021-06-27 14:12:48', '2021-06-27 14:12:48'),
(130, 7, 'INGRESO', '10:13:00', NULL, '2021-06-27', 'NORMAL', 1, '2021-06-27 14:13:50', '2021-06-27 14:13:50'),
(131, 6, 'SALIDA', '10:14:00', '', '2021-06-27', 'NORMAL', 1, '2021-06-27 14:14:17', '2021-06-27 14:14:17'),
(132, 4, 'SALIDA', '10:14:00', '', '2021-06-27', 'NORMAL', 1, '2021-06-27 14:14:41', '2021-06-27 14:14:41'),
(133, 4, 'INGRESO', '11:01:00', NULL, '2021-06-27', 'NORMAL', 1, '2021-06-27 15:01:16', '2021-06-27 15:01:16'),
(134, 2, 'INGRESO', '11:01:00', NULL, '2021-06-27', 'NORMAL', 1, '2021-06-27 15:01:34', '2021-06-27 15:01:34'),
(135, 7, 'SALIDA', '11:02:00', '', '2021-06-27', 'NORMAL', 1, '2021-06-27 15:02:47', '2021-06-27 15:02:47'),
(136, 4, 'SALIDA', '11:02:00', '', '2021-06-27', 'NORMAL', 1, '2021-06-27 15:03:25', '2021-06-27 15:03:25'),
(137, 1, 'SALIDA', '11:03:00', '', '2021-06-27', 'NORMAL', 1, '2021-06-27 15:03:58', '2021-06-27 15:03:58'),
(138, 5, 'SALIDA', '16:04:00', NULL, '2021-06-27', 'HISTORICO', 1, '2021-06-27 20:04:22', '2021-06-27 20:04:22'),
(139, 3, 'INGRESO', '16:06:00', NULL, '2021-06-27', 'NORMAL', 1, '2021-06-27 20:06:13', '2021-06-27 20:06:13'),
(140, 2, 'SALIDA', '16:06:00', '', '2021-06-27', 'NORMAL', 1, '2021-06-27 20:06:42', '2021-06-27 20:06:42'),
(141, 3, 'SALIDA', '17:07:00', '', '2021-06-27', 'NORMAL', 1, '2021-06-27 21:07:12', '2021-06-27 21:07:12'),
(142, 3, 'INGRESO', '18:39:00', NULL, '2021-06-27', 'NORMAL', 1, '2021-06-27 22:39:19', '2021-06-27 22:39:19'),
(143, 8, 'SALIDA', '18:39:00', NULL, '2021-06-27', 'INGRESO MENSUAL', 1, '2021-06-27 22:39:41', '2021-06-27 22:39:41'),
(144, 3, 'SALIDA', '18:40:00', NULL, '2021-06-27', 'NORMAL', 1, '2021-06-27 22:40:43', '2021-06-27 22:40:43'),
(145, 5, 'INGRESO', '07:41:00', NULL, '2021-06-28', 'HISTORICO', 1, '2021-06-28 11:41:23', '2021-06-28 11:41:23'),
(146, 6, 'INGRESO', '07:41:00', NULL, '2021-06-28', 'NORMAL', 1, '2021-06-28 11:41:33', '2021-06-28 11:41:33'),
(147, 7, 'INGRESO', '07:41:00', NULL, '2021-06-28', 'NORMAL', 1, '2021-06-28 11:41:38', '2021-06-28 11:41:38'),
(148, 7, 'SALIDA', '09:26:00', '', '2021-06-28', 'NORMAL', 1, '2021-06-28 13:26:56', '2021-06-28 13:26:56'),
(149, 6, 'SALIDA', '12:27:00', '', '2021-06-28', 'NORMAL', 1, '2021-06-28 16:27:24', '2021-06-28 16:27:24'),
(150, 4, 'INGRESO', '12:27:00', NULL, '2021-06-28', 'NORMAL', 1, '2021-06-28 16:27:52', '2021-06-28 16:27:52'),
(151, 4, 'SALIDA', '14:27:00', '', '2021-06-28', 'NORMAL', 1, '2021-06-28 18:28:03', '2021-06-28 18:28:03'),
(152, 5, 'SALIDA', '16:28:00', NULL, '2021-06-28', 'HISTORICO', 1, '2021-06-28 20:28:19', '2021-06-28 20:28:19'),
(153, 5, 'INGRESO', '08:04:00', NULL, '2021-06-29', 'HISTORICO', 1, '2021-06-29 12:04:45', '2021-06-29 12:04:45'),
(154, 6, 'INGRESO', '08:04:00', NULL, '2021-06-29', 'NORMAL', 1, '2021-06-29 12:04:56', '2021-06-29 12:04:56'),
(155, 3, 'INGRESO', '08:05:00', NULL, '2021-06-29', 'NORMAL', 1, '2021-06-29 12:05:15', '2021-06-29 12:05:15'),
(156, 6, 'SALIDA', '11:05:00', '', '2021-06-29', 'NORMAL', 1, '2021-06-29 15:05:46', '2021-06-29 15:05:46'),
(157, 3, 'SALIDA', '11:05:00', '', '2021-06-29', 'NORMAL', 1, '2021-06-29 15:05:57', '2021-06-29 15:05:57'),
(158, 5, 'SALIDA', '16:06:00', NULL, '2021-06-29', 'HISTORICO', 1, '2021-06-29 20:06:41', '2021-06-29 20:06:41'),
(159, 5, '', '16:06:00', '', '2021-06-29', 'INGRESO MENSUAL', 1, '2021-06-29 20:06:43', '2021-06-29 20:06:43'),
(160, 5, 'INGRESO', '08:08:00', NULL, '2021-06-30', 'HISTORICO', 1, '2021-06-30 12:08:31', '2021-06-30 12:08:31'),
(161, 3, 'INGRESO', '08:09:00', NULL, '2021-06-30', 'NORMAL', 1, '2021-06-30 12:09:10', '2021-06-30 12:09:10'),
(162, 3, 'SALIDA', '12:12:00', '', '2021-06-30', 'NORMAL', 1, '2021-06-30 16:12:51', '2021-06-30 16:12:51'),
(163, 5, 'INGRESO', '15:14:00', '', '2021-06-30', 'INGRESO MENSUAL', 1, '2021-06-30 19:15:03', '2021-06-30 19:15:03'),
(164, 5, 'SALIDA', '16:15:00', NULL, '2021-06-30', 'HISTORICO', 1, '2021-06-30 20:15:49', '2021-06-30 20:15:49'),
(165, 5, 'INGRESO', '07:36:00', '', '2021-07-01', 'INGRESO MENSUAL', 1, '2021-07-01 11:36:30', '2021-07-01 11:36:30'),
(166, 7, 'INGRESO', '07:37:00', NULL, '2021-07-01', 'NORMAL', 1, '2021-07-01 11:37:12', '2021-07-01 11:37:12'),
(167, 6, 'INGRESO', '07:37:00', NULL, '2021-07-01', 'NORMAL', 1, '2021-07-01 11:37:19', '2021-07-01 11:37:19'),
(168, 7, 'SALIDA', '08:38:00', '', '2021-07-01', 'NORMAL', 1, '2021-07-01 12:38:25', '2021-07-01 12:38:25'),
(169, 6, 'SALIDA', '10:38:00', '', '2021-07-01', 'NORMAL', 1, '2021-07-01 14:38:47', '2021-07-01 14:38:47'),
(170, 6, 'SALIDA', '10:38:00', '', '2021-07-01', 'NORMAL', 1, '2021-07-01 14:38:49', '2021-07-01 14:38:49'),
(171, 3, 'INGRESO', '10:39:00', NULL, '2021-07-01', 'NORMAL', 1, '2021-07-01 14:39:39', '2021-07-01 14:39:39'),
(172, 3, 'SALIDA', '12:39:00', '', '2021-07-01', 'NORMAL', 1, '2021-07-01 16:39:53', '2021-07-01 16:39:53'),
(173, 5, 'INGRESO', '13:40:00', NULL, '2021-07-01', 'HISTORICO', 1, '2021-07-01 17:40:05', '2021-07-01 17:40:05'),
(174, 5, 'INGRESO', '13:41:00', '', '2021-07-01', 'INGRESO MENSUAL', 1, '2021-07-01 17:41:29', '2021-07-01 17:41:29'),
(175, 5, 'SALIDA', '13:42:00', NULL, '2021-07-01', 'HISTORICO', 1, '2021-07-01 17:42:21', '2021-07-01 17:42:21'),
(176, 5, 'INGRESO', '08:43:00', '', '2021-07-02', 'INGRESO MENSUAL', 1, '2021-07-02 12:43:47', '2021-07-02 12:43:47'),
(177, 6, 'INGRESO', '08:44:00', NULL, '2021-07-02', 'NORMAL', 1, '2021-07-02 12:44:05', '2021-07-02 12:44:05'),
(178, 7, 'INGRESO', '08:44:00', NULL, '2021-07-02', 'NORMAL', 1, '2021-07-02 12:44:13', '2021-07-02 12:44:13'),
(179, 7, 'SALIDA', '09:28:00', '', '2021-07-02', 'NORMAL', 1, '2021-07-02 13:28:28', '2021-07-02 13:28:28'),
(180, 6, 'SALIDA', '11:28:00', '', '2021-07-02', 'NORMAL', 1, '2021-07-02 15:28:50', '2021-07-02 15:28:50'),
(181, 3, 'INGRESO', '11:29:00', NULL, '2021-07-02', 'NORMAL', 1, '2021-07-02 15:29:03', '2021-07-02 15:29:03'),
(182, 3, 'SALIDA', '15:29:00', '', '2021-07-02', 'NORMAL', 1, '2021-07-02 19:29:25', '2021-07-02 19:29:25'),
(183, 5, 'INGRESO', '16:29:00', NULL, '2021-07-02', 'HISTORICO', 1, '2021-07-02 20:29:58', '2021-07-02 20:29:58'),
(184, 5, 'INGRESO', '17:31:00', '', '2021-07-02', 'INGRESO MENSUAL', 1, '2021-07-02 21:31:30', '2021-07-02 21:31:30'),
(185, 5, 'SALIDA', '17:31:00', NULL, '2021-07-02', 'HISTORICO', 1, '2021-07-02 21:31:51', '2021-07-02 21:31:51'),
(186, 5, 'INGRESO', '08:33:00', '', '2021-07-03', 'INGRESO MENSUAL', 1, '2021-07-03 12:33:38', '2021-07-03 12:33:38'),
(187, 7, 'INGRESO', '08:34:00', NULL, '2021-07-03', 'NORMAL', 1, '2021-07-03 12:34:12', '2021-07-03 12:34:12'),
(188, 6, 'INGRESO', '08:34:00', NULL, '2021-07-03', 'NORMAL', 1, '2021-07-03 12:34:16', '2021-07-03 12:34:16'),
(189, 7, 'SALIDA', '09:34:00', '', '2021-07-03', 'NORMAL', 1, '2021-07-03 13:34:40', '2021-07-03 13:34:40'),
(190, 6, 'SALIDA', '10:35:00', '', '2021-07-03', 'NORMAL', 1, '2021-07-03 14:35:09', '2021-07-03 14:35:09'),
(191, 5, 'INGRESO', '10:35:00', NULL, '2021-07-03', 'HISTORICO', 1, '2021-07-03 14:35:35', '2021-07-03 14:35:35'),
(192, 5, 'INGRESO', '20:26:00', '', '2021-07-04', 'INGRESO MENSUAL', 1, '2021-07-05 00:27:12', '2021-07-05 00:27:12'),
(193, 5, 'SALIDA', '20:27:00', NULL, '2021-07-04', 'HISTORICO', 1, '2021-07-05 00:27:27', '2021-07-05 00:27:27'),
(194, 1, 'INGRESO', '20:29:00', NULL, '2021-07-04', 'NORMAL', 1, '2021-07-05 00:29:04', '2021-07-05 00:29:04'),
(195, 2, 'INGRESO', '20:29:00', NULL, '2021-07-04', 'NORMAL', 1, '2021-07-05 00:29:37', '2021-07-05 00:29:37'),
(196, 2, 'SALIDA', '20:29:00', '', '2021-07-04', 'NORMAL', 1, '2021-07-05 00:30:00', '2021-07-05 00:30:00'),
(197, 1, 'SALIDA', '20:30:00', '', '2021-07-04', 'NORMAL', 1, '2021-07-05 00:30:23', '2021-07-05 00:30:23');

-- --------------------------------------------------------

--
-- Estructura de tabla para la tabla `log_seguimientos`
--

CREATE TABLE `log_seguimientos` (
  `id` bigint(20) UNSIGNED NOT NULL,
  `user_id` bigint(20) UNSIGNED NOT NULL,
  `accion` varchar(20) COLLATE utf8mb4_unicode_ci NOT NULL,
  `descripcion` text COLLATE utf8mb4_unicode_ci NOT NULL,
  `modulo` varchar(50) COLLATE utf8mb4_unicode_ci NOT NULL,
  `fecha` date NOT NULL,
  `hora` time NOT NULL,
  `created_at` timestamp NULL DEFAULT NULL,
  `updated_at` timestamp NULL DEFAULT NULL
) ENGINE=InnoDB DEFAULT CHARSET=utf8mb4 COLLATE=utf8mb4_unicode_ci;

--
-- Volcado de datos para la tabla `log_seguimientos`
--

INSERT INTO `log_seguimientos` (`id`, `user_id`, `accion`, `descripcion`, `modulo`, `fecha`, `hora`, `created_at`, `updated_at`) VALUES
(1, 1, 'CREACIÓN', 'EL USUARIO administrador REGISTRO UN NUEVO USUARIO', 'USUARIOS', '2021-06-01', '07:41:24', '2021-06-01 11:41:24', '2021-06-01 11:41:24'),
(2, 1, 'CREACIÓN', 'EL USUARIO administrador REGISTRO UNA NUEVA TARIFA', 'TARIFAS', '2021-06-01', '07:42:28', '2021-06-01 11:42:28', '2021-06-01 11:42:28'),
(3, 1, 'CREACIÓN', 'EL USUARIO administrador REGISTRO UNA NUEVA TARIFA', 'TARIFAS', '2021-06-01', '07:43:07', '2021-06-01 11:43:07', '2021-06-01 11:43:07'),
(4, 1, 'CREACIÓN', 'EL USUARIO administrador REGISTRO UNA NUEVA TARIFA', 'TARIFAS', '2021-06-01', '07:43:21', '2021-06-01 11:43:21', '2021-06-01 11:43:21'),
(5, 1, 'CREACIÓN', 'EL USUARIO administrador REGISTRO UNA NUEVA TARIFA', 'TARIFAS', '2021-06-01', '07:43:41', '2021-06-01 11:43:41', '2021-06-01 11:43:41'),
(6, 1, 'CREACIÓN', 'EL USUARIO administrador REGISTRO UNA NUEVA TARIFA', 'TARIFAS', '2021-06-01', '07:44:31', '2021-06-01 11:44:31', '2021-06-01 11:44:31'),
(7, 1, 'CREACIÓN', 'EL USUARIO administrador REGISTRO UNA NUEVA TARIFA', 'TARIFAS', '2021-06-01', '07:44:48', '2021-06-01 11:44:48', '2021-06-01 11:44:48'),
(8, 1, 'CREACIÓN', 'EL USUARIO administrador REGISTRO UNA NUEVA TARIFA', 'TARIFAS', '2021-06-01', '07:45:03', '2021-06-01 11:45:03', '2021-06-01 11:45:03'),
(9, 1, 'CREACIÓN', 'EL USUARIO administrador REGISTRO UNA NUEVA TARIFA', 'TARIFAS', '2021-06-01', '07:45:22', '2021-06-01 11:45:22', '2021-06-01 11:45:22'),
(10, 1, 'CREACIÓN', 'EL USUARIO administrador REGISTRO UNA NUEVA TARIFA', 'TARIFAS', '2021-06-01', '07:45:51', '2021-06-01 11:45:51', '2021-06-01 11:45:51'),
(11, 1, 'MODIFICACIÓN', 'EL USUARIO administrador MODIFICÓ UN REGISTRO TARIFA', 'TARIFAS', '2021-06-01', '07:46:27', '2021-06-01 11:46:27', '2021-06-01 11:46:27'),
(12, 1, 'CREACIÓN', 'EL USUARIO administrador REGISTRO UNA NUEVA TARIFA', 'TARIFAS', '2021-06-01', '07:46:43', '2021-06-01 11:46:43', '2021-06-01 11:46:43'),
(13, 1, 'CREACIÓN', 'EL USUARIO administrador REGISTRO UNA NUEVA TARIFA', 'TARIFAS', '2021-06-01', '07:47:11', '2021-06-01 11:47:11', '2021-06-01 11:47:11'),
(14, 1, 'CREACIÓN', 'EL USUARIO administrador REGISTRO UNA NUEVA TARIFA', 'TARIFAS', '2021-06-01', '07:48:01', '2021-06-01 11:48:01', '2021-06-01 11:48:01'),
(15, 1, 'CREACIÓN', 'EL USUARIO administrador REGISTRÓ UN NUEVO PROPIETARIO', 'PROPIETARIOS', '2021-06-01', '07:49:28', '2021-06-01 11:49:28', '2021-06-01 11:49:28'),
(16, 1, 'CREACIÓN', 'EL USUARIO administrador REGISTRÓ UN NUEVO PROPIETARIO', 'PROPIETARIOS', '2021-06-01', '07:50:07', '2021-06-01 11:50:07', '2021-06-01 11:50:07'),
(17, 1, 'CREACIÓN', 'EL USUARIO administrador REGISTRÓ UN NUEVO PROPIETARIO', 'PROPIETARIOS', '2021-06-01', '07:50:59', '2021-06-01 11:50:59', '2021-06-01 11:50:59'),
(18, 1, 'CREACIÓN', 'EL USUARIO administrador REGISTRÓ UN NUEVO PROPIETARIO', 'PROPIETARIOS', '2021-06-01', '07:52:31', '2021-06-01 11:52:31', '2021-06-01 11:52:31'),
(19, 1, 'CREACIÓN', 'EL USUARIO administrador REGISTRÓ UN NUEVO PROPIETARIO', 'PROPIETARIOS', '2021-06-01', '07:53:16', '2021-06-01 11:53:16', '2021-06-01 11:53:16'),
(20, 1, 'CREACIÓN', 'EL USUARIO administrador REGISTRÓ UN NUEVO PROPIETARIO', 'PROPIETARIOS', '2021-06-01', '07:53:59', '2021-06-01 11:53:59', '2021-06-01 11:53:59'),
(21, 1, 'CREACIÓN', 'EL USUARIO administrador REGISTRÓ UN NUEVO PROPIETARIO', 'PROPIETARIOS', '2021-06-01', '07:54:32', '2021-06-01 11:54:32', '2021-06-01 11:54:32'),
(22, 1, 'CREACIÓN', 'EL USUARIO administrador REGISTRÓ UN NUEVO PROPIETARIO', 'PROPIETARIOS', '2021-06-01', '07:55:26', '2021-06-01 11:55:26', '2021-06-01 11:55:26'),
(23, 1, 'CREACIÓN', 'EL USUARIO administrador REGISTRÓ UN NUEVO PROPIETARIO', 'PROPIETARIOS', '2021-06-01', '07:56:52', '2021-06-01 11:56:52', '2021-06-01 11:56:52'),
(24, 1, 'CREACIÓN', 'EL USUARIO administrador REGISTRÓ UN NUEVO PROPIETARIO', 'PROPIETARIOS', '2021-06-01', '07:57:50', '2021-06-01 11:57:50', '2021-06-01 11:57:50'),
(25, 1, 'CREACIÓN', 'EL USUARIO administrador REGISTRÓ UN NUEVO PROPIETARIO', 'PROPIETARIOS', '2021-06-01', '07:58:36', '2021-06-01 11:58:36', '2021-06-01 11:58:36'),
(26, 1, 'CREACIÓN', 'EL USUARIO administrador REGISTRO UN NUEVO TIPO DE VEHICULO', 'TIPO DE VEHICULOS', '2021-06-01', '07:58:48', '2021-06-01 11:58:48', '2021-06-01 11:58:48'),
(27, 1, 'CREACIÓN', 'EL USUARIO administrador REGISTRO UN NUEVO TIPO DE VEHICULO', 'TIPO DE VEHICULOS', '2021-06-01', '07:59:03', '2021-06-01 11:59:03', '2021-06-01 11:59:03'),
(28, 1, 'CREACIÓN', 'EL USUARIO administrador REGISTRO UN NUEVO TIPO DE VEHICULO', 'TIPO DE VEHICULOS', '2021-06-01', '07:59:14', '2021-06-01 11:59:14', '2021-06-01 11:59:14'),
(29, 1, 'CREACIÓN', 'EL USUARIO administrador REGISTRO UN VEHICULO', 'VEHICULOS', '2021-06-01', '08:05:32', '2021-06-01 12:05:32', '2021-06-01 12:05:32'),
(30, 1, 'CREACIÓN', 'EL USUARIO administrador REGISTRO UN VEHICULO', 'VEHICULOS', '2021-06-01', '08:06:32', '2021-06-01 12:06:32', '2021-06-01 12:06:32'),
(31, 1, 'CREACIÓN', 'EL USUARIO administrador REGISTRO UN VEHICULO', 'VEHICULOS', '2021-06-01', '08:07:54', '2021-06-01 12:07:54', '2021-06-01 12:07:54'),
(32, 1, 'CREACIÓN', 'EL USUARIO administrador REGISTRO UN VEHICULO', 'VEHICULOS', '2021-06-01', '08:10:13', '2021-06-01 12:10:13', '2021-06-01 12:10:13'),
(33, 1, 'CREACIÓN', 'EL USUARIO administrador REGISTRO UN VEHICULO', 'VEHICULOS', '2021-06-01', '08:12:09', '2021-06-01 12:12:09', '2021-06-01 12:12:09'),
(34, 1, 'CREACIÓN', 'EL USUARIO administrador REGISTRO UN VEHICULO', 'VEHICULOS', '2021-06-01', '08:14:23', '2021-06-01 12:14:23', '2021-06-01 12:14:23'),
(35, 1, 'MODIFICACIÓN', 'EL USUARIO administrador MODIFICO UN VEHICULO', 'VEHICULOS', '2021-06-01', '08:15:30', '2021-06-01 12:15:30', '2021-06-01 12:15:30'),
(36, 1, 'MODIFICACIÓN', 'EL USUARIO administrador MODIFICO UN VEHICULO', 'VEHICULOS', '2021-06-01', '08:15:34', '2021-06-01 12:15:34', '2021-06-01 12:15:34'),
(37, 1, 'CREACIÓN', 'EL USUARIO administrador REGISTRO UN VEHICULO', 'VEHICULOS', '2021-06-01', '08:16:48', '2021-06-01 12:16:48', '2021-06-01 12:16:48'),
(38, 1, 'MODIFICACIÓN', 'EL USUARIO administrador MODIFICO UN VEHICULO', 'VEHICULOS', '2021-06-01', '08:16:55', '2021-06-01 12:16:55', '2021-06-01 12:16:55'),
(39, 1, 'MODIFICACIÓN', 'EL USUARIO administrador MODIFICO UN VEHICULO', 'VEHICULOS', '2021-06-01', '08:17:02', '2021-06-01 12:17:02', '2021-06-01 12:17:02'),
(40, 1, 'CREACIÓN', 'EL USUARIO administrador REGISTRO UN INGRESO/SALIDA', 'INGRESOS Y SALIDAS', '2021-06-01', '09:20:59', '2021-06-01 13:20:59', '2021-06-01 13:20:59'),
(41, 1, 'MODIFICACIÓN', 'EL USUARIO administrador MODIFICÓ UNA UBICACIÓN', 'SECCIONES/MAPEOS', '2021-06-01', '09:22:03', '2021-06-01 13:22:03', '2021-06-01 13:22:03'),
(42, 1, 'MODIFICACIÓN', 'EL USUARIO administrador MODIFICÓ UNA UBICACIÓN', 'SECCIONES/MAPEOS', '2021-06-01', '16:34:28', '2021-06-01 20:34:28', '2021-06-01 20:34:28'),
(43, 1, 'MODIFICACIÓN', 'EL USUARIO administrador MODIFICÓ UN REGISTRO DE COBRO', 'COBROS', '2021-06-02', '09:23:31', '2021-06-02 13:23:31', '2021-06-02 13:23:31'),
(44, 1, 'MODIFICACIÓN', 'EL USUARIO administrador MODIFICÓ UNA UBICACIÓN', 'SECCIONES/MAPEOS', '2021-06-02', '09:27:38', '2021-06-02 13:27:38', '2021-06-02 13:27:38'),
(45, 1, 'MODIFICACIÓN', 'EL USUARIO administrador MODIFICÓ UNA UBICACIÓN', 'SECCIONES/MAPEOS', '2021-06-02', '09:27:44', '2021-06-02 13:27:44', '2021-06-02 13:27:44'),
(46, 1, 'MODIFICACIÓN', 'EL USUARIO administrador MODIFICÓ UNA UBICACIÓN', 'SECCIONES/MAPEOS', '2021-06-02', '09:27:50', '2021-06-02 13:27:50', '2021-06-02 13:27:50'),
(47, 1, 'MODIFICACIÓN', 'EL USUARIO administrador MODIFICÓ UNA UBICACIÓN', 'SECCIONES/MAPEOS', '2021-06-02', '09:28:06', '2021-06-02 13:28:06', '2021-06-02 13:28:06'),
(48, 1, 'CREACIÓN', 'EL USUARIO administrador REGISTRO UN INGRESO/SALIDA', 'INGRESOS Y SALIDAS', '2021-06-02', '12:54:14', '2021-06-02 16:54:14', '2021-06-02 16:54:14'),
(49, 1, 'CREACIÓN', 'EL USUARIO administrador REGISTRO UN INGRESO/SALIDA', 'INGRESOS Y SALIDAS', '2021-06-03', '16:11:04', '2021-06-03 20:11:04', '2021-06-03 20:11:04'),
(50, 1, 'CREACIÓN', 'EL USUARIO administrador REGISTRO UN INGRESO/SALIDA', 'INGRESOS Y SALIDAS', '2021-06-10', '07:15:23', '2021-06-10 11:15:23', '2021-06-10 11:15:23'),
(51, 1, 'MODIFICACIÓN', 'EL USUARIO administrador MODIFICÓ UN REGISTRO DE COBRO', 'COBROS', '2021-06-10', '09:19:05', '2021-06-10 13:19:05', '2021-06-10 13:19:05'),
(52, 1, 'MODIFICACIÓN', 'EL USUARIO administrador MODIFICÓ UN REGISTRO DE COBRO', 'COBROS', '2021-06-10', '16:22:16', '2021-06-10 20:22:16', '2021-06-10 20:22:16'),
(53, 1, 'CREACIÓN', 'EL USUARIO administrador REGISTRO UN VEHICULO', 'VEHICULOS', '2021-06-14', '10:32:12', '2021-06-14 14:32:12', '2021-06-14 14:32:12'),
(54, 1, 'MODIFICACIÓN', 'EL USUARIO administrador MODIFICO UN VEHICULO', 'VEHICULOS', '2021-06-14', '10:32:24', '2021-06-14 14:32:24', '2021-06-14 14:32:24'),
(55, 1, 'CREACIÓN', 'EL USUARIO administrador REGISTRO UN INGRESO/SALIDA', 'INGRESOS Y SALIDAS', '2021-06-14', '10:33:06', '2021-06-14 14:33:06', '2021-06-14 14:33:06'),
(56, 1, 'MODIFICACIÓN', 'EL USUARIO administrador MODIFICÓ UNA UBICACIÓN', 'SECCIONES/MAPEOS', '2021-06-14', '10:33:28', '2021-06-14 14:33:28', '2021-06-14 14:33:28'),
(57, 1, 'CREACIÓN', 'EL USUARIO administrador REGISTRO UN INGRESO/SALIDA', 'INGRESOS Y SALIDAS', '2021-06-15', '08:09:23', '2021-06-15 12:09:23', '2021-06-15 12:09:23'),
(58, 1, 'CREACIÓN', 'EL USUARIO administrador REGISTRO UN INGRESO/SALIDA', 'INGRESOS Y SALIDAS', '2021-06-27', '08:11:15', '2021-06-27 12:11:15', '2021-06-27 12:11:15'),
(59, 1, 'MODIFICACIÓN', 'EL USUARIO administrador MODIFICÓ UN REGISTRO DE COBRO', 'COBROS', '2021-06-27', '18:40:00', '2021-06-27 22:40:00', '2021-06-27 22:40:00'),
(60, 1, 'CREACIÓN', 'EL USUARIO administrador REGISTRO UN INGRESO/SALIDA', 'INGRESOS Y SALIDAS', '2021-06-29', '16:06:43', '2021-06-29 20:06:43', '2021-06-29 20:06:43'),
(61, 1, 'CREACIÓN', 'EL USUARIO administrador REGISTRO UN INGRESO/SALIDA', 'INGRESOS Y SALIDAS', '2021-06-30', '15:15:04', '2021-06-30 19:15:04', '2021-06-30 19:15:04'),
(62, 1, 'CREACIÓN', 'EL USUARIO administrador REGISTRO UN INGRESO/SALIDA', 'INGRESOS Y SALIDAS', '2021-07-01', '07:36:31', '2021-07-01 11:36:31', '2021-07-01 11:36:31'),
(63, 1, 'CREACIÓN', 'EL USUARIO administrador REGISTRO UN INGRESO/SALIDA', 'INGRESOS Y SALIDAS', '2021-07-01', '13:41:29', '2021-07-01 17:41:29', '2021-07-01 17:41:29'),
(64, 1, 'MODIFICACIÓN', 'EL USUARIO administrador MODIFICO UN VEHICULO', 'VEHICULOS', '2021-07-01', '13:41:50', '2021-07-01 17:41:50', '2021-07-01 17:41:50'),
(65, 1, 'CREACIÓN', 'EL USUARIO administrador REGISTRO UN INGRESO/SALIDA', 'INGRESOS Y SALIDAS', '2021-07-02', '08:43:48', '2021-07-02 12:43:48', '2021-07-02 12:43:48'),
(66, 1, 'CREACIÓN', 'EL USUARIO administrador REGISTRO UN INGRESO/SALIDA', 'INGRESOS Y SALIDAS', '2021-07-02', '17:31:30', '2021-07-02 21:31:30', '2021-07-02 21:31:30'),
(67, 1, 'MODIFICACIÓN', 'EL USUARIO administrador MODIFICÓ UN REGISTRO DE COBRO', 'COBROS', '2021-07-02', '17:32:24', '2021-07-02 21:32:24', '2021-07-02 21:32:24'),
(68, 1, 'CREACIÓN', 'EL USUARIO administrador REGISTRO UN INGRESO/SALIDA', 'INGRESOS Y SALIDAS', '2021-07-03', '08:33:38', '2021-07-03 12:33:38', '2021-07-03 12:33:38'),
(69, 1, 'CREACIÓN', 'EL USUARIO administrador REGISTRO UN INGRESO/SALIDA', 'INGRESOS Y SALIDAS', '2021-07-04', '20:27:13', '2021-07-05 00:27:13', '2021-07-05 00:27:13'),
(70, 1, 'MODIFICACIÓN', 'EL USUARIO administrador MODIFICÓ UN REGISTRO DE COBRO', 'COBROS', '2021-07-04', '20:46:33', '2021-07-05 00:46:33', '2021-07-05 00:46:33'),
(71, 1, 'MODIFICACIÓN', 'EL USUARIO administrador MODIFICÓ UN REGISTRO PROPIETARIO', 'PROPIETARIOS', '2021-07-04', '21:49:28', '2021-07-05 01:49:28', '2021-07-05 01:49:28'),
(72, 1, 'MODIFICACIÓN', 'EL USUARIO administrador MODIFICÓ UN REGISTRO PROPIETARIO', 'PROPIETARIOS', '2021-07-04', '21:52:14', '2021-07-05 01:52:14', '2021-07-05 01:52:14');

-- --------------------------------------------------------

--
-- Estructura de tabla para la tabla `mapeos`
--

CREATE TABLE `mapeos` (
  `id` bigint(20) UNSIGNED NOT NULL,
  `nom` varchar(20) COLLATE utf8mb4_unicode_ci NOT NULL,
  `ubicacion_id` bigint(20) UNSIGNED NOT NULL,
  `ocupado` int(11) NOT NULL,
  `vehiculo_id` int(11) NOT NULL,
  `created_at` timestamp NULL DEFAULT NULL,
  `updated_at` timestamp NULL DEFAULT NULL
) ENGINE=InnoDB DEFAULT CHARSET=utf8mb4 COLLATE=utf8mb4_unicode_ci;

--
-- Volcado de datos para la tabla `mapeos`
--

INSERT INTO `mapeos` (`id`, `nom`, `ubicacion_id`, `ocupado`, `vehiculo_id`, `created_at`, `updated_at`) VALUES
(1, 'A', 1, 0, 0, '2019-08-28 16:17:36', '2021-07-05 00:30:23'),
(2, 'B', 1, 0, 0, '2019-08-28 16:17:36', '2021-07-05 00:30:00'),
(3, 'C', 1, 0, 0, '2019-08-28 16:17:36', '2021-06-27 20:06:42'),
(4, 'D', 1, 0, 0, '2019-08-28 16:17:36', '2021-06-27 15:02:47'),
(5, 'E', 1, 0, 0, '2019-08-28 16:17:36', '2021-06-02 16:32:46'),
(6, 'F', 1, 0, 0, '2019-08-28 16:17:36', '2021-06-01 18:30:40'),
(7, 'G', 1, 0, 0, '2019-08-28 16:17:36', '2021-07-03 15:24:07'),
(8, 'H', 1, 0, 0, '2019-08-28 16:17:36', '2019-09-14 02:53:00'),
(9, 'I', 1, 0, 0, '2019-08-28 16:17:37', '2019-09-19 00:30:39'),
(10, 'J', 1, 0, 0, '2019-08-28 16:17:37', '2019-08-28 16:17:37'),
(11, 'K', 1, 0, 0, '2019-08-28 16:17:37', '2019-08-28 16:17:37'),
(12, 'L', 1, 0, 0, '2019-08-28 16:17:37', '2019-09-03 14:48:13'),
(13, 'M', 1, 0, 0, '2019-08-28 16:17:37', '2019-08-28 16:17:37'),
(14, 'N', 1, 0, 0, '2019-08-28 16:17:37', '2019-09-03 15:26:22'),
(15, 'O', 1, 0, 0, '2019-08-28 16:17:37', '2019-08-28 16:17:37'),
(16, 'P', 1, 0, 0, '2019-08-28 16:17:37', '2019-08-28 16:17:37'),
(17, 'Q', 1, 0, 0, '2019-08-28 16:17:37', '2019-08-28 16:17:37'),
(18, 'R', 1, 0, 0, '2019-08-28 16:17:37', '2019-09-03 14:39:16'),
(19, 'S', 1, 0, 0, '2019-08-28 16:17:37', '2019-08-28 16:17:37'),
(20, 'T', 1, 0, 0, '2019-08-28 16:17:37', '2019-08-28 16:17:37'),
(21, 'U', 1, 0, 0, '2019-08-28 16:17:37', '2019-08-28 16:17:37'),
(22, 'V', 1, 0, 0, '2019-08-28 16:17:37', '2019-08-28 16:17:37'),
(23, 'W', 1, 0, 0, '2019-08-28 16:17:37', '2019-08-28 16:17:37'),
(24, 'X', 1, 0, 0, '2019-08-28 16:17:37', '2019-08-28 16:17:37'),
(25, 'Y', 1, 0, 0, '2019-08-28 16:17:37', '2019-08-28 16:17:37'),
(26, 'Z', 1, 0, 0, '2019-08-28 16:17:37', '2019-08-28 16:17:37'),
(27, 'A-1', 1, 0, 0, '2019-08-28 16:17:37', '2019-08-28 16:17:37'),
(31, 'A.RESERVADO', 2, 0, 0, '2019-08-30 20:44:15', '2021-07-05 00:27:27'),
(32, 'B', 2, 0, 0, '2019-08-30 20:44:15', '2019-08-30 20:44:15'),
(33, 'C-RESERVADO', 2, 0, 0, '2019-08-30 20:44:15', '2021-07-02 21:31:50'),
(34, 'D', 2, 0, 0, '2019-08-30 20:44:15', '2021-05-20 18:21:09'),
(35, 'E', 2, 0, 0, '2019-08-30 20:44:16', '2019-08-30 20:44:16'),
(36, 'F', 2, 0, 0, '2019-08-30 20:44:16', '2019-08-30 20:44:16'),
(37, 'G', 2, 0, 0, '2019-08-30 20:44:16', '2019-08-30 20:45:28'),
(38, 'H', 2, 0, 0, '2019-08-30 20:44:16', '2019-08-30 20:44:16'),
(39, 'I', 2, 0, 0, '2019-08-30 20:44:16', '2019-08-30 20:44:16'),
(40, 'J', 2, 0, 0, '2019-08-30 20:44:16', '2019-08-30 20:44:16'),
(41, 'K', 2, 0, 0, '2019-08-30 20:44:16', '2019-08-30 20:44:16'),
(42, 'L', 2, 0, 0, '2019-08-30 20:44:16', '2019-09-17 14:57:33'),
(43, 'M', 2, 0, 0, '2019-08-30 20:44:16', '2019-08-30 20:44:16'),
(44, 'N', 2, 0, 0, '2019-08-30 20:44:16', '2019-08-30 20:44:16'),
(45, 'O', 2, 0, 0, '2019-08-30 20:44:16', '2019-08-30 20:44:16'),
(46, 'P', 2, 0, 0, '2019-08-30 20:44:16', '2019-08-30 20:44:16'),
(47, 'Q', 2, 0, 0, '2019-08-30 20:44:16', '2019-08-30 20:44:16'),
(48, 'R', 2, 0, 0, '2019-08-30 20:44:16', '2019-08-30 20:44:16'),
(49, 'S', 2, 0, 0, '2019-08-30 20:44:16', '2019-08-30 20:44:16'),
(50, 'T', 2, 0, 0, '2019-08-30 20:44:16', '2019-08-30 20:44:16'),
(51, 'U', 2, 0, 0, '2019-08-30 20:44:16', '2019-08-30 20:44:16'),
(52, 'V', 2, 0, 0, '2019-08-30 20:44:16', '2019-08-30 20:44:16'),
(53, 'W', 2, 0, 0, '2019-08-30 20:44:16', '2019-08-30 20:44:16'),
(54, 'X', 2, 0, 0, '2019-08-30 20:44:16', '2019-08-30 20:44:16'),
(55, 'Y', 2, 0, 0, '2019-08-30 20:44:16', '2019-08-30 20:44:16'),
(56, 'Z', 2, 0, 0, '2019-08-30 20:44:16', '2019-08-30 20:44:16'),
(57, 'A-1', 2, 0, 0, '2019-08-30 20:44:16', '2019-08-30 20:44:16'),
(58, 'B-2', 2, 0, 0, '2019-08-30 20:44:16', '2019-08-30 20:44:16'),
(59, 'C-3', 2, 0, 0, '2019-08-30 20:44:16', '2019-08-30 20:44:16'),
(60, 'D-4', 2, 0, 0, '2019-08-30 20:44:17', '2019-08-30 20:44:17'),
(62, '1', 3, 0, 0, '2021-05-20 19:24:01', '2021-07-03 15:21:50'),
(63, '2', 3, 0, 0, '2021-05-20 19:24:01', '2021-07-03 15:21:59'),
(64, '3', 3, 0, 0, '2021-05-20 19:24:01', '2021-07-03 15:22:04'),
(65, '4', 3, 0, 0, '2021-05-20 19:24:01', '2021-07-03 15:22:09'),
(67, '5', 3, 0, 0, '2021-05-20 19:24:49', '2021-07-03 15:22:13'),
(68, 'A-2', 1, 0, 0, '2021-06-20 00:39:04', '2021-06-20 00:39:04'),
(69, '6', 3, 0, 0, '2021-07-03 15:22:17', '2021-07-03 15:22:17'),
(70, '7', 3, 0, 0, '2021-07-03 15:22:21', '2021-07-03 15:22:21'),
(71, '8', 3, 0, 0, '2021-07-03 15:22:25', '2021-07-03 15:22:25'),
(72, '9', 3, 0, 0, '2021-07-03 15:22:29', '2021-07-03 15:22:29'),
(73, '10', 3, 0, 0, '2021-07-03 15:22:33', '2021-07-03 15:22:33'),
(74, '11', 3, 0, 0, '2021-07-03 15:22:37', '2021-07-03 15:22:37'),
(75, '12', 3, 0, 0, '2021-07-03 15:22:40', '2021-07-03 15:22:40'),
(76, '13', 3, 0, 0, '2021-07-03 15:22:50', '2021-07-03 15:22:50'),
(77, '14', 3, 0, 0, '2021-07-03 15:22:56', '2021-07-03 15:22:56'),
(78, '15', 3, 0, 0, '2021-07-03 15:23:07', '2021-07-03 15:23:07'),
(79, 'A-3', 1, 0, 0, '2021-07-03 15:23:36', '2021-07-03 15:23:36'),
(80, 'A-4', 1, 0, 0, '2021-07-03 15:23:46', '2021-07-03 15:23:46');

-- --------------------------------------------------------

--
-- Estructura de tabla para la tabla `migrations`
--

CREATE TABLE `migrations` (
  `id` int(10) UNSIGNED NOT NULL,
  `migration` varchar(155) COLLATE utf8mb4_unicode_ci NOT NULL,
  `batch` int(11) NOT NULL
) ENGINE=InnoDB DEFAULT CHARSET=utf8mb4 COLLATE=utf8mb4_unicode_ci;

--
-- Volcado de datos para la tabla `migrations`
--

INSERT INTO `migrations` (`id`, `migration`, `batch`) VALUES
(1, '2014_10_12_000000_create_users_table', 1),
(2, '2014_10_12_100000_create_password_resets_table', 1),
(3, '2019_04_08_140849_create_datos_usuarios_table', 1),
(4, '2019_04_08_150906_create_empresas_table', 1),
(5, '2019_08_19_100050_create_ubicacions_table', 1),
(6, '2019_08_19_100205_create_tarifas_table', 1),
(7, '2019_08_19_100217_create_propietarios_table', 1),
(8, '2019_08_19_100218_create_tipo_vehiculos_table', 1),
(9, '2019_08_19_100219_create_vehiculos_table', 1),
(10, '2019_08_19_100314_create_ingreso_salidas_table', 1),
(11, '2019_08_19_100350_create_notificacion_usuarios_table', 1),
(12, '2019_08_19_103301_create_mapeos_table', 1),
(13, '2019_08_19_103302_create_cobros_table', 1),
(14, '2019_08_19_103303_create_facturas_table', 1),
(15, '2021_05_20_144916_create_log_seguimientos_table', 2),
(16, '2021_05_20_171904_create_permisos_table', 3),
(17, '2021_05_20_171918_create_user_permisos_table', 4);

-- --------------------------------------------------------

--
-- Estructura de tabla para la tabla `notificacion_usuarios`
--

CREATE TABLE `notificacion_usuarios` (
  `id` bigint(20) UNSIGNED NOT NULL,
  `ingresoSalida_id` bigint(20) UNSIGNED NOT NULL,
  `hora` time NOT NULL,
  `fecha` date NOT NULL,
  `user_id` bigint(20) UNSIGNED NOT NULL,
  `visto` int(11) NOT NULL,
  `created_at` timestamp NULL DEFAULT NULL,
  `updated_at` timestamp NULL DEFAULT NULL
) ENGINE=InnoDB DEFAULT CHARSET=utf8mb4 COLLATE=utf8mb4_unicode_ci;

--
-- Volcado de datos para la tabla `notificacion_usuarios`
--

INSERT INTO `notificacion_usuarios` (`id`, `ingresoSalida_id`, `hora`, `fecha`, `user_id`, `visto`, `created_at`, `updated_at`) VALUES
(1, 1, '08:18:00', '2021-06-01', 1, 1, '2021-06-01 12:18:41', '2021-07-05 01:52:40'),
(2, 1, '08:18:00', '2021-06-01', 3, 0, '2021-06-01 12:18:42', '2021-06-01 12:18:42'),
(3, 2, '08:19:00', '2021-06-01', 1, 1, '2021-06-01 12:19:11', '2021-07-05 01:52:40'),
(4, 2, '08:19:00', '2021-06-01', 3, 0, '2021-06-01 12:19:11', '2021-06-01 12:19:11'),
(5, 3, '09:19:00', '2021-06-01', 1, 1, '2021-06-01 13:19:50', '2021-07-05 01:52:40'),
(6, 3, '09:19:00', '2021-06-01', 3, 0, '2021-06-01 13:19:50', '2021-06-01 13:19:50'),
(7, 4, '09:20:00', '2021-06-01', 1, 1, '2021-06-01 13:20:58', '2021-07-05 01:52:40'),
(8, 4, '09:20:00', '2021-06-01', 3, 0, '2021-06-01 13:20:58', '2021-06-01 13:20:58'),
(9, 5, '11:23:00', '2021-06-01', 1, 1, '2021-06-01 15:23:22', '2021-07-05 01:52:40'),
(10, 5, '11:23:00', '2021-06-01', 3, 0, '2021-06-01 15:23:22', '2021-06-01 15:23:22'),
(11, 6, '11:23:00', '2021-06-01', 1, 1, '2021-06-01 15:23:49', '2021-07-05 01:52:40'),
(12, 6, '11:23:00', '2021-06-01', 3, 0, '2021-06-01 15:23:49', '2021-06-01 15:23:49'),
(13, 7, '11:24:00', '2021-06-01', 1, 1, '2021-06-01 15:24:26', '2021-07-05 01:52:40'),
(14, 7, '11:24:00', '2021-06-01', 3, 0, '2021-06-01 15:24:26', '2021-06-01 15:24:26'),
(15, 8, '11:24:00', '2021-06-01', 1, 1, '2021-06-01 15:25:05', '2021-07-05 01:52:40'),
(16, 8, '11:24:00', '2021-06-01', 3, 0, '2021-06-01 15:25:05', '2021-06-01 15:25:05'),
(17, 9, '11:27:00', '2021-06-01', 1, 1, '2021-06-01 15:27:21', '2021-07-05 01:52:40'),
(18, 9, '11:27:00', '2021-06-01', 3, 0, '2021-06-01 15:27:21', '2021-06-01 15:27:21'),
(19, 10, '12:28:00', '2021-06-01', 1, 1, '2021-06-01 16:28:31', '2021-07-05 01:52:40'),
(20, 10, '12:28:00', '2021-06-01', 3, 0, '2021-06-01 16:28:31', '2021-06-01 16:28:31'),
(21, 11, '12:29:00', '2021-06-01', 1, 1, '2021-06-01 16:29:35', '2021-07-05 01:52:40'),
(22, 11, '12:29:00', '2021-06-01', 3, 0, '2021-06-01 16:29:35', '2021-06-01 16:29:35'),
(23, 12, '14:30:00', '2021-06-01', 1, 1, '2021-06-01 18:30:40', '2021-07-05 01:52:40'),
(24, 12, '14:30:00', '2021-06-01', 3, 0, '2021-06-01 18:30:40', '2021-06-01 18:30:40'),
(25, 13, '14:30:00', '2021-06-01', 1, 1, '2021-06-01 18:31:16', '2021-07-05 01:52:40'),
(26, 13, '14:30:00', '2021-06-01', 3, 0, '2021-06-01 18:31:17', '2021-06-01 18:31:17'),
(27, 14, '16:31:00', '2021-06-01', 1, 1, '2021-06-01 20:31:46', '2021-07-05 01:52:40'),
(28, 14, '16:31:00', '2021-06-01', 3, 0, '2021-06-01 20:31:46', '2021-06-01 20:31:46'),
(29, 15, '07:40:00', '2021-06-02', 1, 1, '2021-06-02 11:40:27', '2021-07-05 01:52:40'),
(30, 15, '07:40:00', '2021-06-02', 3, 0, '2021-06-02 11:40:27', '2021-06-02 11:40:27'),
(31, 17, '07:40:00', '2021-06-02', 1, 1, '2021-06-02 11:40:44', '2021-07-05 01:52:40'),
(32, 17, '07:40:00', '2021-06-02', 3, 0, '2021-06-02 11:40:44', '2021-06-02 11:40:44'),
(33, 18, '08:55:00', '2021-06-02', 1, 1, '2021-06-02 12:55:02', '2021-07-05 01:52:40'),
(34, 18, '08:55:00', '2021-06-02', 3, 0, '2021-06-02 12:55:02', '2021-06-02 12:55:02'),
(35, 19, '08:55:00', '2021-06-02', 1, 1, '2021-06-02 12:55:24', '2021-07-05 01:52:40'),
(36, 19, '08:55:00', '2021-06-02', 3, 0, '2021-06-02 12:55:25', '2021-06-02 12:55:25'),
(37, 20, '09:18:00', '2021-06-02', 1, 1, '2021-06-02 13:18:05', '2021-07-05 01:52:40'),
(38, 20, '09:18:00', '2021-06-02', 3, 0, '2021-06-02 13:18:05', '2021-06-02 13:18:05'),
(39, 21, '09:19:00', '2021-06-02', 1, 1, '2021-06-02 13:19:08', '2021-07-05 01:52:40'),
(40, 21, '09:19:00', '2021-06-02', 3, 0, '2021-06-02 13:19:08', '2021-06-02 13:19:08'),
(41, 22, '09:20:00', '2021-06-02', 1, 1, '2021-06-02 13:20:17', '2021-07-05 01:52:40'),
(42, 22, '09:20:00', '2021-06-02', 3, 0, '2021-06-02 13:20:17', '2021-06-02 13:20:17'),
(43, 23, '09:22:00', '2021-06-02', 1, 1, '2021-06-02 13:22:18', '2021-07-05 01:52:40'),
(44, 23, '09:22:00', '2021-06-02', 3, 0, '2021-06-02 13:22:18', '2021-06-02 13:22:18'),
(45, 24, '09:24:00', '2021-06-02', 1, 1, '2021-06-02 13:24:39', '2021-07-05 01:52:40'),
(46, 24, '09:24:00', '2021-06-02', 3, 0, '2021-06-02 13:24:39', '2021-06-02 13:24:39'),
(47, 25, '09:25:00', '2021-06-02', 1, 1, '2021-06-02 13:25:56', '2021-07-05 01:52:40'),
(48, 25, '09:25:00', '2021-06-02', 3, 0, '2021-06-02 13:25:57', '2021-06-02 13:25:57'),
(49, 26, '09:28:00', '2021-06-02', 1, 1, '2021-06-02 13:28:37', '2021-07-05 01:52:40'),
(50, 26, '09:28:00', '2021-06-02', 3, 0, '2021-06-02 13:28:37', '2021-06-02 13:28:37'),
(51, 27, '12:31:00', '2021-06-02', 1, 1, '2021-06-02 16:31:24', '2021-07-05 01:52:40'),
(52, 27, '12:31:00', '2021-06-02', 3, 0, '2021-06-02 16:31:24', '2021-06-02 16:31:24'),
(53, 28, '12:31:00', '2021-06-02', 1, 1, '2021-06-02 16:31:52', '2021-07-05 01:52:40'),
(54, 28, '12:31:00', '2021-06-02', 3, 0, '2021-06-02 16:31:52', '2021-06-02 16:31:52'),
(55, 29, '12:32:00', '2021-06-02', 1, 1, '2021-06-02 16:32:46', '2021-07-05 01:52:40'),
(56, 29, '12:32:00', '2021-06-02', 3, 0, '2021-06-02 16:32:46', '2021-06-02 16:32:46'),
(57, 30, '12:33:00', '2021-06-02', 1, 1, '2021-06-02 16:33:41', '2021-07-05 01:52:40'),
(58, 30, '12:33:00', '2021-06-02', 3, 0, '2021-06-02 16:33:41', '2021-06-02 16:33:41'),
(59, 31, '12:34:00', '2021-06-02', 1, 1, '2021-06-02 16:34:11', '2021-07-05 01:52:40'),
(60, 31, '12:34:00', '2021-06-02', 3, 0, '2021-06-02 16:34:11', '2021-06-02 16:34:11'),
(61, 32, '12:45:00', '2021-06-02', 1, 1, '2021-06-02 16:45:53', '2021-07-05 01:52:40'),
(62, 32, '12:45:00', '2021-06-02', 3, 0, '2021-06-02 16:45:53', '2021-06-02 16:45:53'),
(63, 33, '12:54:00', '2021-06-02', 1, 1, '2021-06-02 16:54:09', '2021-07-05 01:52:40'),
(64, 33, '12:54:00', '2021-06-02', 3, 0, '2021-06-02 16:54:09', '2021-06-02 16:54:09'),
(65, 34, '12:54:00', '2021-06-02', 1, 1, '2021-06-02 16:54:14', '2021-07-05 01:52:40'),
(66, 34, '12:54:00', '2021-06-02', 3, 0, '2021-06-02 16:54:14', '2021-06-02 16:54:14'),
(67, 35, '12:59:00', '2021-06-03', 1, 1, '2021-06-03 16:59:29', '2021-07-05 01:52:40'),
(68, 35, '12:59:00', '2021-06-03', 3, 0, '2021-06-03 16:59:29', '2021-06-03 16:59:29'),
(69, 36, '12:59:00', '2021-06-03', 1, 1, '2021-06-03 16:59:50', '2021-07-05 01:52:40'),
(70, 36, '12:59:00', '2021-06-03', 3, 0, '2021-06-03 16:59:50', '2021-06-03 16:59:50'),
(71, 37, '13:00:00', '2021-06-03', 1, 1, '2021-06-03 17:00:02', '2021-07-05 01:52:40'),
(72, 37, '13:00:00', '2021-06-03', 3, 0, '2021-06-03 17:00:03', '2021-06-03 17:00:03'),
(73, 38, '14:03:00', '2021-06-03', 1, 1, '2021-06-03 18:03:53', '2021-07-05 01:52:40'),
(74, 38, '14:03:00', '2021-06-03', 3, 0, '2021-06-03 18:03:53', '2021-06-03 18:03:53'),
(75, 39, '14:08:00', '2021-06-03', 1, 1, '2021-06-03 18:08:39', '2021-07-05 01:52:40'),
(76, 39, '14:08:00', '2021-06-03', 3, 0, '2021-06-03 18:08:39', '2021-06-03 18:08:39'),
(77, 40, '14:09:00', '2021-06-03', 1, 1, '2021-06-03 18:09:16', '2021-07-05 01:52:40'),
(78, 40, '14:09:00', '2021-06-03', 3, 0, '2021-06-03 18:09:16', '2021-06-03 18:09:16'),
(79, 41, '16:09:00', '2021-06-03', 1, 1, '2021-06-03 20:09:58', '2021-07-05 01:52:40'),
(80, 41, '16:09:00', '2021-06-03', 3, 0, '2021-06-03 20:09:58', '2021-06-03 20:09:58'),
(81, 42, '16:10:00', '2021-06-03', 1, 1, '2021-06-03 20:10:46', '2021-07-05 01:52:40'),
(82, 42, '16:10:00', '2021-06-03', 3, 0, '2021-06-03 20:10:46', '2021-06-03 20:10:46'),
(83, 43, '16:10:00', '2021-06-03', 1, 1, '2021-06-03 20:10:59', '2021-07-05 01:52:40'),
(84, 43, '16:11:00', '2021-06-03', 3, 0, '2021-06-03 20:11:00', '2021-06-03 20:11:00'),
(85, 44, '16:10:00', '2021-06-03', 1, 1, '2021-06-03 20:11:04', '2021-07-05 01:52:40'),
(86, 44, '16:10:00', '2021-06-03', 3, 0, '2021-06-03 20:11:04', '2021-06-03 20:11:04'),
(87, 45, '16:11:00', '2021-06-03', 1, 1, '2021-06-03 20:11:55', '2021-07-05 01:52:40'),
(88, 45, '16:11:00', '2021-06-03', 3, 0, '2021-06-03 20:11:55', '2021-06-03 20:11:55'),
(89, 46, '16:11:00', '2021-06-03', 1, 1, '2021-06-03 20:11:56', '2021-07-05 01:52:40'),
(90, 46, '16:11:00', '2021-06-03', 3, 0, '2021-06-03 20:11:56', '2021-06-03 20:11:56'),
(91, 47, '08:13:00', '2021-06-04', 1, 1, '2021-06-04 12:13:23', '2021-07-05 01:52:40'),
(92, 47, '08:13:00', '2021-06-04', 3, 0, '2021-06-04 12:13:23', '2021-06-04 12:13:23'),
(93, 48, '09:13:00', '2021-06-04', 1, 1, '2021-06-04 13:13:44', '2021-07-05 01:52:40'),
(94, 48, '09:13:00', '2021-06-04', 3, 0, '2021-06-04 13:13:44', '2021-06-04 13:13:44'),
(95, 49, '09:14:00', '2021-06-04', 1, 1, '2021-06-04 13:14:08', '2021-07-05 01:52:40'),
(96, 49, '09:14:00', '2021-06-04', 3, 0, '2021-06-04 13:14:08', '2021-06-04 13:14:08'),
(97, 50, '09:14:00', '2021-06-04', 1, 1, '2021-06-04 13:14:27', '2021-07-05 01:52:40'),
(98, 50, '09:14:00', '2021-06-04', 3, 0, '2021-06-04 13:14:27', '2021-06-04 13:14:27'),
(99, 51, '11:15:00', '2021-06-04', 1, 1, '2021-06-04 15:15:18', '2021-07-05 01:52:40'),
(100, 51, '11:15:00', '2021-06-04', 3, 0, '2021-06-04 15:15:18', '2021-06-04 15:15:18'),
(101, 52, '12:15:00', '2021-06-04', 1, 1, '2021-06-04 16:15:51', '2021-07-05 01:52:40'),
(102, 52, '12:15:00', '2021-06-04', 3, 0, '2021-06-04 16:15:52', '2021-06-04 16:15:52'),
(103, 53, '12:15:00', '2021-06-04', 1, 1, '2021-06-04 16:16:18', '2021-07-05 01:52:40'),
(104, 53, '12:15:00', '2021-06-04', 3, 0, '2021-06-04 16:16:18', '2021-06-04 16:16:18'),
(105, 54, '12:16:00', '2021-06-04', 1, 1, '2021-06-04 16:16:32', '2021-07-05 01:52:40'),
(106, 54, '12:16:00', '2021-06-04', 3, 0, '2021-06-04 16:16:32', '2021-06-04 16:16:32'),
(107, 55, '16:17:00', '2021-06-04', 1, 1, '2021-06-04 20:17:08', '2021-07-05 01:52:40'),
(108, 55, '16:17:00', '2021-06-04', 3, 0, '2021-06-04 20:17:08', '2021-06-04 20:17:08'),
(109, 56, '16:17:00', '2021-06-04', 1, 1, '2021-06-04 20:17:38', '2021-07-05 01:52:40'),
(110, 56, '16:17:00', '2021-06-04', 3, 0, '2021-06-04 20:17:38', '2021-06-04 20:17:38'),
(111, 57, '10:19:00', '2021-06-05', 1, 1, '2021-06-05 14:19:55', '2021-07-05 01:52:40'),
(112, 57, '10:19:00', '2021-06-05', 3, 0, '2021-06-05 14:19:55', '2021-06-05 14:19:55'),
(113, 58, '10:19:00', '2021-06-05', 1, 1, '2021-06-05 14:19:56', '2021-07-05 01:52:40'),
(114, 58, '10:19:00', '2021-06-05', 3, 0, '2021-06-05 14:19:56', '2021-06-05 14:19:56'),
(115, 59, '10:20:00', '2021-06-05', 1, 1, '2021-06-05 14:20:10', '2021-07-05 01:52:40'),
(116, 59, '10:20:00', '2021-06-05', 3, 0, '2021-06-05 14:20:11', '2021-06-05 14:20:11'),
(117, 60, '10:20:00', '2021-06-05', 1, 1, '2021-06-05 14:20:24', '2021-07-05 01:52:40'),
(118, 60, '10:20:00', '2021-06-05', 3, 0, '2021-06-05 14:20:24', '2021-06-05 14:20:24'),
(119, 61, '10:20:00', '2021-06-05', 1, 1, '2021-06-05 14:20:44', '2021-07-05 01:52:40'),
(120, 61, '10:20:00', '2021-06-05', 3, 0, '2021-06-05 14:20:44', '2021-06-05 14:20:44'),
(121, 62, '11:21:00', '2021-06-05', 1, 1, '2021-06-05 15:21:08', '2021-07-05 01:52:40'),
(122, 62, '11:21:00', '2021-06-05', 3, 0, '2021-06-05 15:21:08', '2021-06-05 15:21:08'),
(123, 63, '15:21:00', '2021-06-05', 1, 1, '2021-06-05 19:21:37', '2021-07-05 01:52:40'),
(124, 63, '15:21:00', '2021-06-05', 3, 0, '2021-06-05 19:21:37', '2021-06-05 19:21:37'),
(125, 64, '15:21:00', '2021-06-05', 1, 1, '2021-06-05 19:21:52', '2021-07-05 01:52:40'),
(126, 64, '15:21:00', '2021-06-05', 3, 0, '2021-06-05 19:21:52', '2021-06-05 19:21:52'),
(127, 65, '07:31:00', '2021-06-07', 1, 1, '2021-06-07 11:31:04', '2021-07-05 01:52:40'),
(128, 65, '07:31:00', '2021-06-07', 3, 0, '2021-06-07 11:31:06', '2021-06-07 11:31:06'),
(129, 66, '07:31:00', '2021-06-07', 1, 1, '2021-06-07 11:31:31', '2021-07-05 01:52:40'),
(130, 66, '07:31:00', '2021-06-07', 3, 0, '2021-06-07 11:31:31', '2021-06-07 11:31:31'),
(131, 67, '07:31:00', '2021-06-07', 1, 1, '2021-06-07 11:31:52', '2021-07-05 01:52:40'),
(132, 67, '07:31:00', '2021-06-07', 3, 0, '2021-06-07 11:31:53', '2021-06-07 11:31:53'),
(133, 68, '08:32:00', '2021-06-07', 1, 1, '2021-06-07 12:32:19', '2021-07-05 01:52:40'),
(134, 68, '08:32:00', '2021-06-07', 3, 0, '2021-06-07 12:32:19', '2021-06-07 12:32:19'),
(135, 69, '08:32:00', '2021-06-07', 1, 1, '2021-06-07 12:32:48', '2021-07-05 01:52:40'),
(136, 69, '08:32:00', '2021-06-07', 3, 0, '2021-06-07 12:32:48', '2021-06-07 12:32:48'),
(137, 70, '10:33:00', '2021-06-07', 1, 1, '2021-06-07 14:33:32', '2021-07-05 01:52:40'),
(138, 70, '10:33:00', '2021-06-07', 3, 0, '2021-06-07 14:33:32', '2021-06-07 14:33:32'),
(139, 71, '10:33:00', '2021-06-07', 1, 1, '2021-06-07 14:33:56', '2021-07-05 01:52:40'),
(140, 71, '10:33:00', '2021-06-07', 3, 0, '2021-06-07 14:33:56', '2021-06-07 14:33:56'),
(141, 72, '16:34:00', '2021-06-07', 1, 1, '2021-06-07 20:34:33', '2021-07-05 01:52:40'),
(142, 72, '16:34:00', '2021-06-07', 3, 0, '2021-06-07 20:34:33', '2021-06-07 20:34:33'),
(143, 73, '07:35:00', '2021-06-08', 1, 1, '2021-06-08 11:35:12', '2021-07-05 01:52:40'),
(144, 73, '07:35:00', '2021-06-08', 3, 0, '2021-06-08 11:35:12', '2021-06-08 11:35:12'),
(145, 74, '07:35:00', '2021-06-08', 1, 1, '2021-06-08 11:35:43', '2021-07-05 01:52:40'),
(146, 74, '07:35:00', '2021-06-08', 3, 0, '2021-06-08 11:35:43', '2021-06-08 11:35:43'),
(147, 75, '09:35:00', '2021-06-08', 1, 1, '2021-06-08 13:35:59', '2021-07-05 01:52:40'),
(148, 75, '09:35:00', '2021-06-08', 3, 0, '2021-06-08 13:35:59', '2021-06-08 13:35:59'),
(149, 76, '11:36:00', '2021-06-08', 1, 1, '2021-06-08 15:36:44', '2021-07-05 01:52:40'),
(150, 76, '11:36:00', '2021-06-08', 3, 0, '2021-06-08 15:36:44', '2021-06-08 15:36:44'),
(151, 77, '13:15:00', '2021-06-08', 1, 1, '2021-06-08 17:15:20', '2021-07-05 01:52:40'),
(152, 77, '13:15:00', '2021-06-08', 3, 0, '2021-06-08 17:15:21', '2021-06-08 17:15:21'),
(153, 78, '13:50:00', '2021-06-08', 1, 1, '2021-06-08 17:50:46', '2021-07-05 01:52:40'),
(154, 78, '13:50:00', '2021-06-08', 3, 0, '2021-06-08 17:50:46', '2021-06-08 17:50:46'),
(155, 79, '16:51:00', '2021-06-08', 1, 1, '2021-06-08 20:51:27', '2021-07-05 01:52:40'),
(156, 79, '16:51:00', '2021-06-08', 3, 0, '2021-06-08 20:51:27', '2021-06-08 20:51:27'),
(157, 80, '16:51:00', '2021-06-08', 1, 1, '2021-06-08 20:51:46', '2021-07-05 01:52:40'),
(158, 80, '16:51:00', '2021-06-08', 3, 0, '2021-06-08 20:51:47', '2021-06-08 20:51:47'),
(159, 81, '07:52:00', '2021-06-08', 1, 1, '2021-06-08 11:52:03', '2021-07-05 01:52:40'),
(160, 81, '07:52:00', '2021-06-08', 3, 0, '2021-06-08 11:52:03', '2021-06-08 11:52:03'),
(161, 82, '07:52:00', '2021-06-08', 1, 1, '2021-06-08 11:52:55', '2021-07-05 01:52:40'),
(162, 82, '07:52:00', '2021-06-08', 3, 0, '2021-06-08 11:52:55', '2021-06-08 11:52:55'),
(163, 83, '07:53:00', '2021-06-08', 1, 1, '2021-06-08 11:53:17', '2021-07-05 01:52:40'),
(164, 83, '07:53:00', '2021-06-08', 3, 0, '2021-06-08 11:53:17', '2021-06-08 11:53:17'),
(165, 84, '08:56:00', '2021-06-08', 1, 1, '2021-06-08 12:56:32', '2021-07-05 01:52:40'),
(166, 84, '08:56:00', '2021-06-08', 3, 0, '2021-06-08 12:56:32', '2021-06-08 12:56:32'),
(167, 85, '10:57:00', '2021-06-08', 1, 1, '2021-06-08 14:57:19', '2021-07-05 01:52:40'),
(168, 85, '10:57:00', '2021-06-08', 3, 0, '2021-06-08 14:57:19', '2021-06-08 14:57:19'),
(169, 86, '14:10:00', '2021-06-08', 1, 1, '2021-06-08 18:10:41', '2021-07-05 01:52:40'),
(170, 86, '14:10:00', '2021-06-08', 3, 0, '2021-06-08 18:10:41', '2021-06-08 18:10:41'),
(171, 87, '16:23:00', '2021-06-08', 1, 1, '2021-06-08 20:23:33', '2021-07-05 01:52:40'),
(172, 87, '16:23:00', '2021-06-08', 3, 0, '2021-06-08 20:23:33', '2021-06-08 20:23:33'),
(173, 88, '07:35:00', '2021-06-09', 1, 1, '2021-06-09 11:35:03', '2021-07-05 01:52:40'),
(174, 88, '07:35:00', '2021-06-09', 3, 0, '2021-06-09 11:35:03', '2021-06-09 11:35:03'),
(175, 89, '07:35:00', '2021-06-11', 1, 1, '2021-06-11 11:35:55', '2021-07-05 01:52:40'),
(176, 89, '07:35:00', '2021-06-11', 3, 0, '2021-06-11 11:35:55', '2021-06-11 11:35:55'),
(177, 90, '11:36:00', '2021-06-11', 1, 1, '2021-06-11 15:36:19', '2021-07-05 01:52:40'),
(178, 90, '11:36:00', '2021-06-11', 3, 0, '2021-06-11 15:36:19', '2021-06-11 15:36:19'),
(179, 91, '01:02:00', '2021-07-04', 1, 1, '2021-07-04 05:02:25', '2021-07-05 01:52:40'),
(180, 91, '01:02:00', '2021-07-04', 3, 0, '2021-07-04 05:02:25', '2021-07-04 05:02:25'),
(181, 92, '07:15:00', '2021-06-10', 1, 1, '2021-06-10 11:15:23', '2021-07-05 01:52:40'),
(182, 92, '07:15:00', '2021-06-10', 3, 0, '2021-06-10 11:15:23', '2021-06-10 11:15:23'),
(183, 93, '07:16:00', '2021-06-10', 1, 1, '2021-06-10 11:16:13', '2021-07-05 01:52:40'),
(184, 93, '07:16:00', '2021-06-10', 3, 0, '2021-06-10 11:16:13', '2021-06-10 11:16:13'),
(185, 94, '07:16:00', '2021-06-10', 1, 1, '2021-06-10 11:16:31', '2021-07-05 01:52:40'),
(186, 94, '07:16:00', '2021-06-10', 3, 0, '2021-06-10 11:16:32', '2021-06-10 11:16:32'),
(187, 95, '07:16:00', '2021-06-10', 1, 1, '2021-06-10 11:16:58', '2021-07-05 01:52:40'),
(188, 95, '07:16:00', '2021-06-10', 3, 0, '2021-06-10 11:16:58', '2021-06-10 11:16:58'),
(189, 96, '09:17:00', '2021-06-10', 1, 1, '2021-06-10 13:17:18', '2021-07-05 01:52:40'),
(190, 96, '09:17:00', '2021-06-10', 3, 0, '2021-06-10 13:17:18', '2021-06-10 13:17:18'),
(191, 97, '09:17:00', '2021-06-10', 1, 1, '2021-06-10 13:17:58', '2021-07-05 01:52:40'),
(192, 97, '09:17:00', '2021-06-10', 3, 0, '2021-06-10 13:17:58', '2021-06-10 13:17:58'),
(193, 98, '09:18:00', '2021-06-10', 1, 1, '2021-06-10 13:18:38', '2021-07-05 01:52:40'),
(194, 98, '09:18:00', '2021-06-10', 3, 0, '2021-06-10 13:18:38', '2021-06-10 13:18:38'),
(195, 99, '11:19:00', '2021-06-10', 1, 1, '2021-06-10 15:19:51', '2021-07-05 01:52:40'),
(196, 99, '11:19:00', '2021-06-10', 3, 0, '2021-06-10 15:19:51', '2021-06-10 15:19:51'),
(197, 100, '16:20:00', '2021-06-10', 1, 1, '2021-06-10 20:20:15', '2021-07-05 01:52:40'),
(198, 100, '16:20:00', '2021-06-10', 3, 0, '2021-06-10 20:20:15', '2021-06-10 20:20:15'),
(199, 101, '16:20:00', '2021-06-10', 1, 1, '2021-06-10 20:21:07', '2021-07-05 01:52:40'),
(200, 101, '16:20:00', '2021-06-10', 3, 0, '2021-06-10 20:21:07', '2021-06-10 20:21:07'),
(201, 102, '07:24:00', '2021-06-14', 1, 1, '2021-06-14 11:24:23', '2021-07-05 01:52:40'),
(202, 102, '07:24:00', '2021-06-14', 3, 0, '2021-06-14 11:24:23', '2021-06-14 11:24:23'),
(203, 103, '07:24:00', '2021-06-14', 1, 1, '2021-06-14 11:24:28', '2021-07-05 01:52:40'),
(204, 103, '07:24:00', '2021-06-14', 3, 0, '2021-06-14 11:24:28', '2021-06-14 11:24:28'),
(205, 104, '07:24:00', '2021-06-14', 1, 1, '2021-06-14 11:24:37', '2021-07-05 01:52:40'),
(206, 104, '07:24:00', '2021-06-14', 3, 0, '2021-06-14 11:24:37', '2021-06-14 11:24:37'),
(207, 105, '07:24:00', '2021-06-14', 1, 1, '2021-06-14 11:24:56', '2021-07-05 01:52:40'),
(208, 105, '07:24:00', '2021-06-14', 3, 0, '2021-06-14 11:24:56', '2021-06-14 11:24:56'),
(209, 106, '08:30:00', '2021-06-14', 1, 1, '2021-06-14 12:30:16', '2021-07-05 01:52:40'),
(210, 106, '08:30:00', '2021-06-14', 3, 0, '2021-06-14 12:30:16', '2021-06-14 12:30:16'),
(211, 107, '10:30:00', '2021-06-14', 1, 1, '2021-06-14 14:30:36', '2021-07-05 01:52:40'),
(212, 107, '10:30:00', '2021-06-14', 3, 0, '2021-06-14 14:30:36', '2021-06-14 14:30:36'),
(213, 108, '10:30:00', '2021-06-14', 1, 1, '2021-06-14 14:30:55', '2021-07-05 01:52:40'),
(214, 108, '10:30:00', '2021-06-14', 3, 0, '2021-06-14 14:30:55', '2021-06-14 14:30:55'),
(215, 109, '10:32:00', '2021-06-14', 1, 1, '2021-06-14 14:33:05', '2021-07-05 01:52:40'),
(216, 109, '10:32:00', '2021-06-14', 3, 0, '2021-06-14 14:33:06', '2021-06-14 14:33:06'),
(217, 110, '10:33:00', '2021-06-14', 1, 1, '2021-06-14 14:33:43', '2021-07-05 01:52:40'),
(218, 110, '10:33:00', '2021-06-14', 3, 0, '2021-06-14 14:33:44', '2021-06-14 14:33:44'),
(219, 111, '12:34:00', '2021-06-14', 1, 1, '2021-06-14 16:34:22', '2021-07-05 01:52:40'),
(220, 111, '12:34:00', '2021-06-14', 3, 0, '2021-06-14 16:34:22', '2021-06-14 16:34:22'),
(221, 112, '12:34:00', '2021-06-14', 1, 1, '2021-06-14 16:34:41', '2021-07-05 01:52:40'),
(222, 112, '12:34:00', '2021-06-14', 3, 0, '2021-06-14 16:34:41', '2021-06-14 16:34:41'),
(223, 113, '12:34:00', '2021-06-14', 1, 1, '2021-06-14 16:34:52', '2021-07-05 01:52:40'),
(224, 113, '12:34:00', '2021-06-14', 3, 0, '2021-06-14 16:34:52', '2021-06-14 16:34:52'),
(225, 114, '13:35:00', '2021-06-14', 1, 1, '2021-06-14 17:35:44', '2021-07-05 01:52:40'),
(226, 114, '13:35:00', '2021-06-14', 3, 0, '2021-06-14 17:35:45', '2021-06-14 17:35:45'),
(227, 115, '13:36:00', '2021-06-14', 1, 1, '2021-06-14 17:36:32', '2021-07-05 01:52:40'),
(228, 115, '13:36:00', '2021-06-14', 3, 0, '2021-06-14 17:36:32', '2021-06-14 17:36:32'),
(229, 116, '16:37:00', '2021-06-14', 1, 1, '2021-06-14 20:37:41', '2021-07-05 01:52:40'),
(230, 116, '16:37:00', '2021-06-14', 3, 0, '2021-06-14 20:37:41', '2021-06-14 20:37:41'),
(231, 117, '16:37:00', '2021-06-14', 1, 1, '2021-06-14 20:37:57', '2021-07-05 01:52:40'),
(232, 117, '16:37:00', '2021-06-14', 3, 0, '2021-06-14 20:37:57', '2021-06-14 20:37:57'),
(233, 118, '08:09:00', '2021-06-15', 1, 1, '2021-06-15 12:09:20', '2021-07-05 01:52:40'),
(234, 118, '08:09:00', '2021-06-15', 3, 0, '2021-06-15 12:09:20', '2021-06-15 12:09:20'),
(235, 119, '08:09:00', '2021-06-15', 1, 1, '2021-06-15 12:09:23', '2021-07-05 01:52:40'),
(236, 119, '08:09:00', '2021-06-15', 3, 0, '2021-06-15 12:09:23', '2021-06-15 12:09:23'),
(237, 120, '08:10:00', '2021-06-15', 1, 1, '2021-06-15 12:10:00', '2021-07-05 01:52:40'),
(238, 120, '08:10:00', '2021-06-15', 3, 0, '2021-06-15 12:10:01', '2021-06-15 12:10:01'),
(239, 121, '08:10:00', '2021-06-27', 1, 1, '2021-06-27 12:10:47', '2021-07-05 01:52:40'),
(240, 121, '08:10:00', '2021-06-27', 3, 0, '2021-06-27 12:10:47', '2021-06-27 12:10:47'),
(241, 122, '08:11:00', '2021-06-27', 1, 1, '2021-06-27 12:11:14', '2021-07-05 01:52:40'),
(242, 122, '08:11:00', '2021-06-27', 3, 0, '2021-06-27 12:11:14', '2021-06-27 12:11:14'),
(243, 123, '08:11:00', '2021-06-27', 1, 1, '2021-06-27 12:11:32', '2021-07-05 01:52:40'),
(244, 123, '08:11:00', '2021-06-27', 3, 0, '2021-06-27 12:11:33', '2021-06-27 12:11:33'),
(245, 124, '08:11:00', '2021-06-27', 1, 1, '2021-06-27 12:11:47', '2021-07-05 01:52:40'),
(246, 124, '08:11:00', '2021-06-27', 3, 0, '2021-06-27 12:11:47', '2021-06-27 12:11:47'),
(247, 125, '08:12:00', '2021-06-27', 1, 1, '2021-06-27 12:12:02', '2021-07-05 01:52:40'),
(248, 125, '08:12:00', '2021-06-27', 3, 0, '2021-06-27 12:12:02', '2021-06-27 12:12:02'),
(249, 126, '08:12:00', '2021-06-27', 1, 1, '2021-06-27 12:12:20', '2021-07-05 01:52:40'),
(250, 126, '08:12:00', '2021-06-27', 3, 0, '2021-06-27 12:12:20', '2021-06-27 12:12:20'),
(251, 127, '08:12:00', '2021-06-27', 1, 1, '2021-06-27 12:12:30', '2021-07-05 01:52:40'),
(252, 127, '08:12:00', '2021-06-27', 3, 0, '2021-06-27 12:12:31', '2021-06-27 12:12:31'),
(253, 128, '09:12:00', '2021-06-27', 1, 1, '2021-06-27 13:12:53', '2021-07-05 01:52:40'),
(254, 128, '09:12:00', '2021-06-27', 3, 0, '2021-06-27 13:12:53', '2021-06-27 13:12:53'),
(255, 129, '10:12:00', '2021-06-27', 1, 1, '2021-06-27 14:12:48', '2021-07-05 01:52:40'),
(256, 129, '10:12:00', '2021-06-27', 3, 0, '2021-06-27 14:12:48', '2021-06-27 14:12:48'),
(257, 130, '10:13:00', '2021-06-27', 1, 1, '2021-06-27 14:13:50', '2021-07-05 01:52:40'),
(258, 130, '10:13:00', '2021-06-27', 3, 0, '2021-06-27 14:13:50', '2021-06-27 14:13:50'),
(259, 131, '10:14:00', '2021-06-27', 1, 1, '2021-06-27 14:14:18', '2021-07-05 01:52:40'),
(260, 131, '10:14:00', '2021-06-27', 3, 0, '2021-06-27 14:14:18', '2021-06-27 14:14:18'),
(261, 132, '10:14:00', '2021-06-27', 1, 1, '2021-06-27 14:14:41', '2021-07-05 01:52:40'),
(262, 132, '10:14:00', '2021-06-27', 3, 0, '2021-06-27 14:14:41', '2021-06-27 14:14:41'),
(263, 133, '11:01:00', '2021-06-27', 1, 1, '2021-06-27 15:01:16', '2021-07-05 01:52:40'),
(264, 133, '11:01:00', '2021-06-27', 3, 0, '2021-06-27 15:01:16', '2021-06-27 15:01:16'),
(265, 134, '11:01:00', '2021-06-27', 1, 1, '2021-06-27 15:01:34', '2021-07-05 01:52:40'),
(266, 134, '11:01:00', '2021-06-27', 3, 0, '2021-06-27 15:01:34', '2021-06-27 15:01:34'),
(267, 135, '11:02:00', '2021-06-27', 1, 1, '2021-06-27 15:02:47', '2021-07-05 01:52:40'),
(268, 135, '11:02:00', '2021-06-27', 3, 0, '2021-06-27 15:02:47', '2021-06-27 15:02:47'),
(269, 136, '11:02:00', '2021-06-27', 1, 1, '2021-06-27 15:03:25', '2021-07-05 01:52:40'),
(270, 136, '11:02:00', '2021-06-27', 3, 0, '2021-06-27 15:03:25', '2021-06-27 15:03:25'),
(271, 137, '11:03:00', '2021-06-27', 1, 1, '2021-06-27 15:03:58', '2021-07-05 01:52:40'),
(272, 137, '11:03:00', '2021-06-27', 3, 0, '2021-06-27 15:03:58', '2021-06-27 15:03:58'),
(273, 138, '16:04:00', '2021-06-27', 1, 1, '2021-06-27 20:04:22', '2021-07-05 01:52:40'),
(274, 138, '16:04:00', '2021-06-27', 3, 0, '2021-06-27 20:04:22', '2021-06-27 20:04:22'),
(275, 139, '16:06:00', '2021-06-27', 1, 1, '2021-06-27 20:06:13', '2021-07-05 01:52:40'),
(276, 139, '16:06:00', '2021-06-27', 3, 0, '2021-06-27 20:06:13', '2021-06-27 20:06:13'),
(277, 140, '16:06:00', '2021-06-27', 1, 1, '2021-06-27 20:06:42', '2021-07-05 01:52:40'),
(278, 140, '16:06:00', '2021-06-27', 3, 0, '2021-06-27 20:06:42', '2021-06-27 20:06:42'),
(279, 141, '17:07:00', '2021-06-27', 1, 1, '2021-06-27 21:07:12', '2021-07-05 01:52:40'),
(280, 141, '17:07:00', '2021-06-27', 3, 0, '2021-06-27 21:07:12', '2021-06-27 21:07:12'),
(281, 142, '18:39:00', '2021-06-27', 1, 1, '2021-06-27 22:39:20', '2021-07-05 01:52:40'),
(282, 142, '18:39:00', '2021-06-27', 3, 0, '2021-06-27 22:39:20', '2021-06-27 22:39:20'),
(283, 143, '18:39:00', '2021-06-27', 1, 1, '2021-06-27 22:39:41', '2021-07-05 01:52:40'),
(284, 143, '18:39:00', '2021-06-27', 3, 0, '2021-06-27 22:39:41', '2021-06-27 22:39:41'),
(285, 144, '18:40:00', '2021-06-27', 1, 1, '2021-06-27 22:40:43', '2021-07-05 01:52:40'),
(286, 144, '18:40:00', '2021-06-27', 3, 0, '2021-06-27 22:40:43', '2021-06-27 22:40:43'),
(287, 145, '07:41:00', '2021-06-28', 1, 1, '2021-06-28 11:41:24', '2021-07-05 01:52:40'),
(288, 145, '07:41:00', '2021-06-28', 3, 0, '2021-06-28 11:41:24', '2021-06-28 11:41:24'),
(289, 146, '07:41:00', '2021-06-28', 1, 1, '2021-06-28 11:41:33', '2021-07-05 01:52:40'),
(290, 146, '07:41:00', '2021-06-28', 3, 0, '2021-06-28 11:41:33', '2021-06-28 11:41:33'),
(291, 147, '07:41:00', '2021-06-28', 1, 1, '2021-06-28 11:41:38', '2021-07-05 01:52:40'),
(292, 147, '07:41:00', '2021-06-28', 3, 0, '2021-06-28 11:41:38', '2021-06-28 11:41:38'),
(293, 148, '09:26:00', '2021-06-28', 1, 1, '2021-06-28 13:26:56', '2021-07-05 01:52:40'),
(294, 148, '09:26:00', '2021-06-28', 3, 0, '2021-06-28 13:26:56', '2021-06-28 13:26:56'),
(295, 149, '12:27:00', '2021-06-28', 1, 1, '2021-06-28 16:27:24', '2021-07-05 01:52:40'),
(296, 149, '12:27:00', '2021-06-28', 3, 0, '2021-06-28 16:27:24', '2021-06-28 16:27:24'),
(297, 150, '12:27:00', '2021-06-28', 1, 1, '2021-06-28 16:27:52', '2021-07-05 01:52:40'),
(298, 150, '12:27:00', '2021-06-28', 3, 0, '2021-06-28 16:27:52', '2021-06-28 16:27:52'),
(299, 151, '14:27:00', '2021-06-28', 1, 1, '2021-06-28 18:28:03', '2021-07-05 01:52:40'),
(300, 151, '14:27:00', '2021-06-28', 3, 0, '2021-06-28 18:28:04', '2021-06-28 18:28:04'),
(301, 152, '16:28:00', '2021-06-28', 1, 1, '2021-06-28 20:28:19', '2021-07-05 01:52:40'),
(302, 152, '16:28:00', '2021-06-28', 3, 0, '2021-06-28 20:28:19', '2021-06-28 20:28:19'),
(303, 153, '08:04:00', '2021-06-29', 1, 1, '2021-06-29 12:04:45', '2021-07-05 01:52:40'),
(304, 153, '08:04:00', '2021-06-29', 3, 0, '2021-06-29 12:04:45', '2021-06-29 12:04:45'),
(305, 154, '08:04:00', '2021-06-29', 1, 1, '2021-06-29 12:04:56', '2021-07-05 01:52:40'),
(306, 154, '08:04:00', '2021-06-29', 3, 0, '2021-06-29 12:04:56', '2021-06-29 12:04:56'),
(307, 155, '08:05:00', '2021-06-29', 1, 1, '2021-06-29 12:05:15', '2021-07-05 01:52:40'),
(308, 155, '08:05:00', '2021-06-29', 3, 0, '2021-06-29 12:05:15', '2021-06-29 12:05:15'),
(309, 156, '11:05:00', '2021-06-29', 1, 1, '2021-06-29 15:05:46', '2021-07-05 01:52:40'),
(310, 156, '11:05:00', '2021-06-29', 3, 0, '2021-06-29 15:05:46', '2021-06-29 15:05:46'),
(311, 157, '11:05:00', '2021-06-29', 1, 1, '2021-06-29 15:05:57', '2021-07-05 01:52:40'),
(312, 157, '11:05:00', '2021-06-29', 3, 0, '2021-06-29 15:05:57', '2021-06-29 15:05:57'),
(313, 158, '16:06:00', '2021-06-29', 1, 1, '2021-06-29 20:06:41', '2021-07-05 01:52:40'),
(314, 158, '16:06:00', '2021-06-29', 3, 0, '2021-06-29 20:06:41', '2021-06-29 20:06:41'),
(315, 159, '16:06:00', '2021-06-29', 1, 1, '2021-06-29 20:06:43', '2021-07-05 01:52:40'),
(316, 159, '16:06:00', '2021-06-29', 3, 0, '2021-06-29 20:06:43', '2021-06-29 20:06:43'),
(317, 160, '08:08:00', '2021-06-30', 1, 1, '2021-06-30 12:08:31', '2021-07-05 01:52:40'),
(318, 160, '08:08:00', '2021-06-30', 3, 0, '2021-06-30 12:08:31', '2021-06-30 12:08:31'),
(319, 161, '08:09:00', '2021-06-30', 1, 1, '2021-06-30 12:09:10', '2021-07-05 01:52:40'),
(320, 161, '08:09:00', '2021-06-30', 3, 0, '2021-06-30 12:09:10', '2021-06-30 12:09:10'),
(321, 162, '12:12:00', '2021-06-30', 1, 1, '2021-06-30 16:12:51', '2021-07-05 01:52:40'),
(322, 162, '12:12:00', '2021-06-30', 3, 0, '2021-06-30 16:12:51', '2021-06-30 16:12:51'),
(323, 163, '15:14:00', '2021-06-30', 1, 1, '2021-06-30 19:15:04', '2021-07-05 01:52:40'),
(324, 163, '15:14:00', '2021-06-30', 3, 0, '2021-06-30 19:15:04', '2021-06-30 19:15:04'),
(325, 164, '16:15:00', '2021-06-30', 1, 1, '2021-06-30 20:15:49', '2021-07-05 01:52:40'),
(326, 164, '16:15:00', '2021-06-30', 3, 0, '2021-06-30 20:15:49', '2021-06-30 20:15:49'),
(327, 165, '07:36:00', '2021-07-01', 1, 1, '2021-07-01 11:36:30', '2021-07-05 01:52:40'),
(328, 165, '07:36:00', '2021-07-01', 3, 0, '2021-07-01 11:36:30', '2021-07-01 11:36:30'),
(329, 166, '07:37:00', '2021-07-01', 1, 1, '2021-07-01 11:37:12', '2021-07-05 01:52:40'),
(330, 166, '07:37:00', '2021-07-01', 3, 0, '2021-07-01 11:37:12', '2021-07-01 11:37:12'),
(331, 167, '07:37:00', '2021-07-01', 1, 1, '2021-07-01 11:37:19', '2021-07-05 01:52:40'),
(332, 167, '07:37:00', '2021-07-01', 3, 0, '2021-07-01 11:37:20', '2021-07-01 11:37:20'),
(333, 168, '08:38:00', '2021-07-01', 1, 1, '2021-07-01 12:38:25', '2021-07-05 01:52:40'),
(334, 168, '08:38:00', '2021-07-01', 3, 0, '2021-07-01 12:38:25', '2021-07-01 12:38:25'),
(335, 169, '10:38:00', '2021-07-01', 1, 1, '2021-07-01 14:38:47', '2021-07-05 01:52:40'),
(336, 169, '10:38:00', '2021-07-01', 3, 0, '2021-07-01 14:38:47', '2021-07-01 14:38:47'),
(337, 170, '10:38:00', '2021-07-01', 1, 1, '2021-07-01 14:38:49', '2021-07-05 01:52:40'),
(338, 170, '10:38:00', '2021-07-01', 3, 0, '2021-07-01 14:38:49', '2021-07-01 14:38:49'),
(339, 171, '10:39:00', '2021-07-01', 1, 1, '2021-07-01 14:39:39', '2021-07-05 01:52:40'),
(340, 171, '10:39:00', '2021-07-01', 3, 0, '2021-07-01 14:39:39', '2021-07-01 14:39:39'),
(341, 172, '12:39:00', '2021-07-01', 1, 1, '2021-07-01 16:39:53', '2021-07-05 01:52:40'),
(342, 172, '12:39:00', '2021-07-01', 3, 0, '2021-07-01 16:39:53', '2021-07-01 16:39:53'),
(343, 173, '13:40:00', '2021-07-01', 1, 1, '2021-07-01 17:40:05', '2021-07-05 01:52:40'),
(344, 173, '13:40:00', '2021-07-01', 3, 0, '2021-07-01 17:40:05', '2021-07-01 17:40:05'),
(345, 174, '13:41:00', '2021-07-01', 1, 1, '2021-07-01 17:41:29', '2021-07-05 01:52:40'),
(346, 174, '13:41:00', '2021-07-01', 3, 0, '2021-07-01 17:41:29', '2021-07-01 17:41:29'),
(347, 175, '13:42:00', '2021-07-01', 1, 1, '2021-07-01 17:42:21', '2021-07-05 01:52:40'),
(348, 175, '13:42:00', '2021-07-01', 3, 0, '2021-07-01 17:42:21', '2021-07-01 17:42:21'),
(349, 176, '08:43:00', '2021-07-02', 1, 1, '2021-07-02 12:43:47', '2021-07-05 01:52:40'),
(350, 176, '08:43:00', '2021-07-02', 3, 0, '2021-07-02 12:43:47', '2021-07-02 12:43:47'),
(351, 177, '08:44:00', '2021-07-02', 1, 1, '2021-07-02 12:44:05', '2021-07-05 01:52:40'),
(352, 177, '08:44:00', '2021-07-02', 3, 0, '2021-07-02 12:44:05', '2021-07-02 12:44:05'),
(353, 178, '08:44:00', '2021-07-02', 1, 1, '2021-07-02 12:44:13', '2021-07-05 01:52:40'),
(354, 178, '08:44:00', '2021-07-02', 3, 0, '2021-07-02 12:44:13', '2021-07-02 12:44:13'),
(355, 179, '09:28:00', '2021-07-02', 1, 1, '2021-07-02 13:28:28', '2021-07-05 01:52:40'),
(356, 179, '09:28:00', '2021-07-02', 3, 0, '2021-07-02 13:28:28', '2021-07-02 13:28:28'),
(357, 180, '11:28:00', '2021-07-02', 1, 1, '2021-07-02 15:28:50', '2021-07-05 01:52:40'),
(358, 180, '11:28:00', '2021-07-02', 3, 0, '2021-07-02 15:28:50', '2021-07-02 15:28:50'),
(359, 181, '11:29:00', '2021-07-02', 1, 1, '2021-07-02 15:29:03', '2021-07-05 01:52:40'),
(360, 181, '11:29:00', '2021-07-02', 3, 0, '2021-07-02 15:29:03', '2021-07-02 15:29:03'),
(361, 182, '15:29:00', '2021-07-02', 1, 1, '2021-07-02 19:29:26', '2021-07-05 01:52:40'),
(362, 182, '15:29:00', '2021-07-02', 3, 0, '2021-07-02 19:29:26', '2021-07-02 19:29:26'),
(363, 183, '16:29:00', '2021-07-02', 1, 1, '2021-07-02 20:29:58', '2021-07-05 01:52:40'),
(364, 183, '16:29:00', '2021-07-02', 3, 0, '2021-07-02 20:29:58', '2021-07-02 20:29:58'),
(365, 184, '17:31:00', '2021-07-02', 1, 1, '2021-07-02 21:31:30', '2021-07-05 01:52:40'),
(366, 184, '17:31:00', '2021-07-02', 3, 0, '2021-07-02 21:31:30', '2021-07-02 21:31:30'),
(367, 185, '17:31:00', '2021-07-02', 1, 1, '2021-07-02 21:31:51', '2021-07-05 01:52:40'),
(368, 185, '17:31:00', '2021-07-02', 3, 0, '2021-07-02 21:31:51', '2021-07-02 21:31:51'),
(369, 186, '08:33:00', '2021-07-03', 1, 1, '2021-07-03 12:33:38', '2021-07-05 01:52:40'),
(370, 186, '08:33:00', '2021-07-03', 3, 0, '2021-07-03 12:33:38', '2021-07-03 12:33:38'),
(371, 187, '08:34:00', '2021-07-03', 1, 1, '2021-07-03 12:34:12', '2021-07-05 01:52:40'),
(372, 187, '08:34:00', '2021-07-03', 3, 0, '2021-07-03 12:34:12', '2021-07-03 12:34:12'),
(373, 188, '08:34:00', '2021-07-03', 1, 1, '2021-07-03 12:34:16', '2021-07-05 01:52:40'),
(374, 188, '08:34:00', '2021-07-03', 3, 0, '2021-07-03 12:34:16', '2021-07-03 12:34:16'),
(375, 189, '09:34:00', '2021-07-03', 1, 1, '2021-07-03 13:34:40', '2021-07-05 01:52:40'),
(376, 189, '09:34:00', '2021-07-03', 3, 0, '2021-07-03 13:34:40', '2021-07-03 13:34:40'),
(377, 190, '10:35:00', '2021-07-03', 1, 1, '2021-07-03 14:35:09', '2021-07-05 01:52:40'),
(378, 190, '10:35:00', '2021-07-03', 3, 0, '2021-07-03 14:35:09', '2021-07-03 14:35:09'),
(379, 191, '10:35:00', '2021-07-03', 1, 1, '2021-07-03 14:35:35', '2021-07-05 01:52:40'),
(380, 191, '10:35:00', '2021-07-03', 3, 0, '2021-07-03 14:35:35', '2021-07-03 14:35:35'),
(381, 192, '20:26:00', '2021-07-04', 1, 1, '2021-07-05 00:27:12', '2021-07-05 01:52:40'),
(382, 192, '20:26:00', '2021-07-04', 3, 0, '2021-07-05 00:27:12', '2021-07-05 00:27:12'),
(383, 193, '20:27:00', '2021-07-04', 1, 1, '2021-07-05 00:27:27', '2021-07-05 01:52:40'),
(384, 193, '20:27:00', '2021-07-04', 3, 0, '2021-07-05 00:27:27', '2021-07-05 00:27:27'),
(385, 194, '20:29:00', '2021-07-04', 1, 1, '2021-07-05 00:29:04', '2021-07-05 01:52:40'),
(386, 194, '20:29:00', '2021-07-04', 3, 0, '2021-07-05 00:29:04', '2021-07-05 00:29:04'),
(387, 195, '20:29:00', '2021-07-04', 1, 1, '2021-07-05 00:29:38', '2021-07-05 01:52:40'),
(388, 195, '20:29:00', '2021-07-04', 3, 0, '2021-07-05 00:29:38', '2021-07-05 00:29:38'),
(389, 196, '20:29:00', '2021-07-04', 1, 1, '2021-07-05 00:30:00', '2021-07-05 01:52:40'),
(390, 196, '20:29:00', '2021-07-04', 3, 0, '2021-07-05 00:30:00', '2021-07-05 00:30:00'),
(391, 197, '20:30:00', '2021-07-04', 1, 1, '2021-07-05 00:30:23', '2021-07-05 01:52:40'),
(392, 197, '20:30:00', '2021-07-04', 3, 0, '2021-07-05 00:30:23', '2021-07-05 00:30:23');

-- --------------------------------------------------------

--
-- Estructura de tabla para la tabla `password_resets`
--

CREATE TABLE `password_resets` (
  `email` varchar(155) COLLATE utf8mb4_unicode_ci NOT NULL,
  `token` varchar(155) COLLATE utf8mb4_unicode_ci NOT NULL,
  `created_at` timestamp NULL DEFAULT NULL
) ENGINE=InnoDB DEFAULT CHARSET=utf8mb4 COLLATE=utf8mb4_unicode_ci;

-- --------------------------------------------------------

--
-- Estructura de tabla para la tabla `pendientes`
--

CREATE TABLE `pendientes` (
  `id` bigint(20) UNSIGNED NOT NULL,
  `rfid` varchar(30) NOT NULL,
  `registrado` enum('SI','NO') NOT NULL,
  `created_at` timestamp NULL DEFAULT NULL,
  `updated_at` timestamp NULL DEFAULT NULL
) ENGINE=InnoDB DEFAULT CHARSET=utf8mb4;

-- --------------------------------------------------------

--
-- Estructura de tabla para la tabla `permisos`
--

CREATE TABLE `permisos` (
  `id` bigint(20) UNSIGNED NOT NULL,
  `modulo` varchar(30) COLLATE utf8mb4_unicode_ci NOT NULL,
  `nombre` varchar(30) COLLATE utf8mb4_unicode_ci DEFAULT NULL,
  `descripcion` varchar(100) COLLATE utf8mb4_unicode_ci DEFAULT NULL,
  `created_at` timestamp NULL DEFAULT NULL,
  `updated_at` timestamp NULL DEFAULT NULL
) ENGINE=InnoDB DEFAULT CHARSET=utf8mb4 COLLATE=utf8mb4_unicode_ci;

--
-- Volcado de datos para la tabla `permisos`
--

INSERT INTO `permisos` (`id`, `modulo`, `nombre`, `descripcion`, `created_at`, `updated_at`) VALUES
(1, 'TODOS', NULL, NULL, '2021-05-20 21:30:13', '2021-05-20 21:30:13'),
(2, 'USUARIOS', 'users.index', 'VER LA LISTA DE USUARIOS', '2021-05-21 13:20:41', '2021-05-21 13:20:41'),
(3, 'USUARIOS', 'users.create', 'CREAR USUARIOS', '2021-05-21 13:20:41', '2021-05-21 13:20:41'),
(4, 'USUARIOS', 'users.edit', 'EDITAR USUARIOS', '2021-05-21 13:20:41', '2021-05-21 13:20:41'),
(5, 'USUARIOS', 'users.destroy', 'ELIMINAR USUARIOS', '2021-05-21 13:20:41', '2021-05-21 13:20:41'),
(6, 'TARIFAS', 'tarifas.index', 'VER LA LISTA DE TARIFÁS', '2021-05-21 13:20:41', '2021-05-21 13:20:41'),
(7, 'TARIFAS', 'tarifas.create', 'CREAR TARIFÁS', '2021-05-21 13:20:41', '2021-05-21 13:20:41'),
(8, 'TARIFAS', 'tarifas.edit', 'EDITAR TARIFÁS', '2021-05-21 13:20:41', '2021-05-21 13:20:41'),
(9, 'TARIFAS', 'tarifas.destroy', 'ELIMINAR TARIFÁS', '2021-05-21 13:20:41', '2021-05-21 13:20:41'),
(10, 'PROPIETARIOS', 'propietarios.index', 'VER LA LISTA DE PROPIETARIOS', '2021-05-21 13:20:41', '2021-05-21 13:20:41'),
(11, 'PROPIETARIOS', 'propietarios.create', 'CREAR PROPIETARIOS', '2021-05-21 13:20:41', '2021-05-21 13:20:41'),
(12, 'PROPIETARIOS', 'propietarios.edit', 'EDITAR PROPIETARIOS', '2021-05-21 13:20:41', '2021-05-21 13:20:41'),
(13, 'PROPIETARIOS', 'propietarios.destroy', 'ELIMINAR PROPIETARIOS', '2021-05-21 13:20:41', '2021-05-21 13:20:41'),
(14, 'VEHICULOS', 'vehiculos.index', 'VER LA LISTA DE VEHÍCULOS', '2021-05-21 13:20:41', '2021-05-21 13:20:41'),
(15, 'VEHICULOS', 'vehiculos.create', 'CREAR VEHÍCULOS', '2021-05-21 13:20:41', '2021-05-21 13:20:41'),
(16, 'VEHICULOS', 'vehiculos.edit', 'EDITAR VEHÍCULOS', '2021-05-21 13:20:41', '2021-05-21 13:20:41'),
(17, 'VEHICULOS', 'vehiculos.destroy', 'ELIMINAR VEHÍCULOS', '2021-05-21 13:20:41', '2021-05-21 13:20:41'),
(18, 'TIPO DE VEHICULOS', 'tipos.index', 'VER LA LISTA DE TIPO DE VEHÍCULOS', '2021-05-21 13:20:41', '2021-05-21 13:20:41'),
(19, 'TIPO DE VEHICULOS', 'tipos.create', 'CREAR TIPO DE VEHÍCULOS', '2021-05-21 13:20:41', '2021-05-21 13:20:41'),
(20, 'TIPO DE VEHICULOS', 'tipos.edit', 'EDITAR TIPO DE VEHÍCULOS', '2021-05-21 13:20:41', '2021-05-21 13:20:41'),
(21, 'TIPO DE VEHICULOS', 'tipos.destroy', 'ELIMINAR TIPO DE VEHÍCULOS', '2021-05-21 13:20:41', '2021-05-21 13:20:41'),
(22, 'SECCIONES', 'secciones.index', 'VER LA LISTA DE SECCIONES', '2021-05-21 13:20:41', '2021-05-21 13:20:41'),
(23, 'SECCIONES', 'secciones.create', 'CREAR SECCIONES - UBICACIONES', '2021-05-21 13:20:41', '2021-05-21 13:20:41'),
(24, 'SECCIONES', 'secciones.edit', 'EDITAR SECCIONES - UBICACIONES', '2021-05-21 13:20:41', '2021-05-21 13:20:41'),
(25, 'SECCIONES', 'secciones.destroy', 'ELIMINAR SECCIONES - UBICACIONES', '2021-05-21 13:20:41', '2021-05-21 13:20:41'),
(26, 'COBROS', 'cobros.index', 'VER LA LISTA DE COBROS', '2021-05-21 13:20:41', '2021-05-21 13:20:41'),
(27, 'COBROS', 'cobros.create', 'REGISTRAR COBROS', '2021-05-21 13:20:41', '2021-05-21 13:20:41'),
(29, 'COBROS', 'cobros.destroy', 'ELIMINAR COBROS', '2021-05-21 13:20:41', '2021-05-21 13:20:41'),
(30, 'INGRESOS Y SALIDAS', 'ingresos_salidas.index', 'VER LA LISTA DE INGREOS Y SALIDAS', '2021-05-21 13:20:41', '2021-05-21 13:20:41'),
(31, 'INGRESOS Y SALIDAS', 'ingresos_salidas.create', 'REGISTRAR INGREOS Y SALIDAS', '2021-05-21 13:20:41', '2021-05-21 13:20:41'),
(34, 'REPORTES', 'reportes.index', 'VER Y GENERAR REPORTES', '2021-05-21 13:20:41', '2021-05-21 13:20:41'),
(35, 'EMPRESA', 'empresa.index', 'VER INFORMACIÓN DE LA EMPRESA', '2021-05-21 13:20:41', '2021-05-21 13:20:41'),
(36, 'EMPRESA', 'empresa.edit', 'EDITAR INFORMACIÓN DE LA EMPRESA', '2021-05-21 13:20:41', '2021-05-21 13:20:41'),
(37, 'USUARIOS PERMISOS', 'user_permisos.index', 'VER LA LISTA DE PERMISOS DE UN USUARIO', '2021-05-21 13:20:41', '2021-05-21 13:20:41'),
(38, 'USUARIOS PERMISOS', 'user_permisos.edit', 'MODIFICAR LOS PERMISOS DE USUARIOS', '2021-05-21 13:20:41', '2021-05-21 13:20:41'),
(39, 'COBROS', 'cobros.edit', 'EDITAR COBROS', '2021-07-01 16:23:00', '2021-07-01 16:23:00');

-- --------------------------------------------------------

--
-- Estructura de tabla para la tabla `propietarios`
--

CREATE TABLE `propietarios` (
  `id` bigint(20) UNSIGNED NOT NULL,
  `nom` varchar(30) COLLATE utf8mb4_unicode_ci NOT NULL,
  `apep` varchar(30) COLLATE utf8mb4_unicode_ci NOT NULL,
  `apem` varchar(30) COLLATE utf8mb4_unicode_ci DEFAULT NULL,
  `ci` varchar(15) COLLATE utf8mb4_unicode_ci NOT NULL,
  `ci_exp` varchar(15) COLLATE utf8mb4_unicode_ci NOT NULL,
  `dir` varchar(50) COLLATE utf8mb4_unicode_ci DEFAULT NULL,
  `fono` varchar(10) COLLATE utf8mb4_unicode_ci DEFAULT NULL,
  `cel` varchar(15) COLLATE utf8mb4_unicode_ci DEFAULT NULL,
  `correo` varchar(30) COLLATE utf8mb4_unicode_ci DEFAULT NULL,
  `foto` varchar(155) COLLATE utf8mb4_unicode_ci NOT NULL,
  `fecha_reg` date NOT NULL,
  `status` int(11) NOT NULL,
  `created_at` timestamp NULL DEFAULT NULL,
  `updated_at` timestamp NULL DEFAULT NULL
) ENGINE=InnoDB DEFAULT CHARSET=utf8mb4 COLLATE=utf8mb4_unicode_ci;

--
-- Volcado de datos para la tabla `propietarios`
--

INSERT INTO `propietarios` (`id`, `nom`, `apep`, `apem`, `ci`, `ci_exp`, `dir`, `fono`, `cel`, `correo`, `foto`, `fecha_reg`, `status`, `created_at`, `updated_at`) VALUES
(1, 'ELOY', 'MAMANI', '', '8085285', 'LP', '', '', '68485215', '', 'user_default.png', '2021-06-01', 1, '2021-06-01 11:49:27', '2021-06-01 11:49:27'),
(2, 'MARIA', 'VALENCIA', 'CONDORI', '6285158', 'LP', '', '', '69854525', '', 'user_default.png', '2021-06-01', 1, '2021-06-01 11:50:06', '2021-06-01 11:50:06'),
(3, 'LUISA ANGELA', 'PEREZ', 'MAMANI', '9382451', 'CB', '', '', '77777555', '', 'user_default.png', '2021-06-01', 1, '2021-06-01 11:50:58', '2021-06-01 11:50:58'),
(4, 'GONZALO', 'GUTIERREZ', 'VILA', '8545284', 'LP', '', '', '68451285', '', 'user_default.png', '2021-06-01', 1, '2021-06-01 11:52:31', '2021-06-01 11:52:31'),
(5, 'ANGEL', 'QUISPE', 'HUANCA', '2501588', 'LP', '', '', '71290052', '', 'QUISPEANGEL1625449933.png', '2021-06-01', 1, '2021-06-01 11:53:16', '2021-07-05 01:52:13'),
(6, 'JORGE', 'MACHACA', '', '4525857', 'LP', '', '', '77755254', '', 'user_default.png', '2021-06-01', 1, '2021-06-01 11:53:59', '2021-06-01 11:53:59'),
(7, 'MANUEL', 'CHOQUE', '', '9090442', 'LP', '', '', '60605552', '', 'user_default.png', '2021-06-01', 1, '2021-06-01 11:54:32', '2021-06-01 11:54:32'),
(8, 'CARINA', 'QUISPE', 'PEREZ', '9058452', 'LP', '', '', '78457825', '', 'user_default.png', '2021-06-01', 1, '2021-06-01 11:55:26', '2021-06-01 11:55:26'),
(9, 'MARCOS', 'CONDORI', 'LIMACHI', '10025848', 'LP', '', '', '70025153', '', 'user_default.png', '2021-06-01', 1, '2021-06-01 11:56:52', '2021-06-01 11:56:52'),
(10, 'FREDY', 'KANTUTA', 'GONZALES', '9085155', 'LP', '', '', '60152223', '', 'user_default.png', '2021-06-01', 1, '2021-06-01 11:57:49', '2021-06-01 11:57:49'),
(11, 'BLANCA', 'NINA', '', '7085452', 'LP', '', '', '75425825', '', 'user_default.png', '2021-06-01', 1, '2021-06-01 11:58:36', '2021-06-01 11:58:36');

--
-- Disparadores `propietarios`
--
DELIMITER $$
CREATE TRIGGER `before_propietarios_delete` BEFORE DELETE ON `propietarios` FOR EACH ROW INSERT INTO propietarios_respaldo
 SET estado = 'DELETE',
     id_propietarios = OLD.id,
    nom = OLD.nom,
    apep = OLD.apep,
    apem  = OLD.apem,
    ci = OLD.ci,
    ci_exp = OLD.ci_exp,
  dir = OLD.dir,
  fono = OLD.fono,
  cel = OLD.cel,
  correo = OLD.correo,
  foto = OLD.foto,
    fecha_reg = OLD.fecha_reg,
    fecha_creado = OLD.created_at,
  usuario = CURRENT_USER(),
    fecha_modificado = NOW()
$$
DELIMITER ;

-- --------------------------------------------------------

--
-- Estructura de tabla para la tabla `propietarios_respaldo`
--

CREATE TABLE `propietarios_respaldo` (
  `id` int(11) NOT NULL,
  `estado` varchar(50) DEFAULT NULL,
  `id_propietarios` int(11) NOT NULL,
  `nom` varchar(50) NOT NULL,
  `apep` varchar(50) NOT NULL,
  `apem` varchar(50) DEFAULT NULL,
  `ci` int(11) NOT NULL,
  `ci_exp` varchar(15) NOT NULL,
  `dir` varchar(50) DEFAULT NULL,
  `fono` varchar(10) DEFAULT NULL,
  `cel` varchar(15) NOT NULL,
  `correo` varchar(30) DEFAULT NULL,
  `foto` varchar(115) DEFAULT NULL,
  `fecha_reg` date DEFAULT NULL,
  `fecha_creado` datetime NOT NULL,
  `usuario` varchar(20) NOT NULL,
  `fecha_modificado` datetime NOT NULL
) ENGINE=InnoDB DEFAULT CHARSET=utf8mb4;

-- --------------------------------------------------------

--
-- Estructura de tabla para la tabla `salidas`
--

CREATE TABLE `salidas` (
  `id` int(10) UNSIGNED NOT NULL,
  `salida_id` int(11) UNSIGNED NOT NULL,
  `cobrado` int(11) NOT NULL,
  `created_at` timestamp NULL DEFAULT NULL,
  `updated_at` timestamp NULL DEFAULT NULL
) ENGINE=InnoDB DEFAULT CHARSET=utf8mb4;

--
-- Volcado de datos para la tabla `salidas`
--

INSERT INTO `salidas` (`id`, `salida_id`, `cobrado`, `created_at`, `updated_at`) VALUES
(1, 8, 0, '2021-06-01 15:25:06', '2021-06-01 15:25:06'),
(2, 9, 0, '2021-06-01 15:27:22', '2021-06-01 15:27:22'),
(3, 10, 0, '2021-06-01 16:28:31', '2021-06-01 16:28:31'),
(4, 11, 0, '2021-06-01 16:29:35', '2021-06-01 16:29:35'),
(5, 12, 0, '2021-06-01 18:30:40', '2021-06-01 18:30:40'),
(6, 13, 0, '2021-06-01 18:31:17', '2021-06-01 18:31:17'),
(7, 14, 0, '2021-06-01 20:31:46', '2021-06-01 20:31:46'),
(8, 16, 0, '2021-06-02 11:40:27', '2021-06-02 11:40:27'),
(9, 22, 0, '2021-06-02 13:20:17', '2021-06-02 13:20:17'),
(10, 24, 0, '2021-06-02 13:24:39', '2021-06-02 13:24:39'),
(11, 26, 0, '2021-06-02 13:28:37', '2021-06-02 13:28:37'),
(12, 28, 0, '2021-06-02 16:31:52', '2021-06-02 16:31:52'),
(13, 29, 0, '2021-06-02 16:32:46', '2021-06-02 16:32:46'),
(14, 31, 0, '2021-06-02 16:34:12', '2021-06-02 16:34:12'),
(15, 32, 0, '2021-06-02 16:45:53', '2021-06-02 16:45:53'),
(16, 38, 0, '2021-06-03 18:03:53', '2021-06-03 18:03:53'),
(17, 41, 0, '2021-06-03 20:09:58', '2021-06-03 20:09:58'),
(18, 42, 0, '2021-06-03 20:10:46', '2021-06-03 20:10:46'),
(19, 45, 0, '2021-06-03 20:11:55', '2021-06-03 20:11:55'),
(20, 52, 0, '2021-06-04 16:15:52', '2021-06-04 16:15:52'),
(21, 53, 0, '2021-06-04 16:16:18', '2021-06-04 16:16:18'),
(22, 54, 0, '2021-06-04 16:16:33', '2021-06-04 16:16:33'),
(23, 56, 0, '2021-06-04 20:17:38', '2021-06-04 20:17:38'),
(24, 62, 0, '2021-06-05 15:21:08', '2021-06-05 15:21:08'),
(25, 64, 0, '2021-06-05 19:21:52', '2021-06-05 19:21:52'),
(26, 69, 0, '2021-06-07 12:32:48', '2021-06-07 12:32:48'),
(27, 70, 0, '2021-06-07 14:33:33', '2021-06-07 14:33:33'),
(28, 71, 0, '2021-06-07 14:33:56', '2021-06-07 14:33:56'),
(29, 77, 0, '2021-06-08 17:15:21', '2021-06-08 17:15:21'),
(30, 79, 0, '2021-06-08 20:51:27', '2021-06-08 20:51:27'),
(31, 84, 0, '2021-06-08 12:56:33', '2021-06-08 12:56:33'),
(32, 86, 0, '2021-06-08 18:10:42', '2021-06-08 18:10:42'),
(33, 90, 0, '2021-06-11 15:36:20', '2021-06-11 15:36:20'),
(34, 96, 0, '2021-06-10 13:17:18', '2021-06-10 13:17:18'),
(35, 97, 0, '2021-06-10 13:17:58', '2021-06-10 13:17:58'),
(36, 98, 0, '2021-06-10 13:18:38', '2021-06-10 13:18:38'),
(37, 101, 0, '2021-06-10 20:21:07', '2021-06-10 20:21:07'),
(38, 106, 0, '2021-06-14 12:30:17', '2021-06-14 12:30:17'),
(39, 107, 0, '2021-06-14 14:30:37', '2021-06-14 14:30:37'),
(40, 111, 0, '2021-06-14 16:34:22', '2021-06-14 16:34:22'),
(41, 112, 0, '2021-06-14 16:34:41', '2021-06-14 16:34:41'),
(42, 114, 0, '2021-06-14 17:35:45', '2021-06-14 17:35:45'),
(43, 115, 0, '2021-06-14 17:36:32', '2021-06-14 17:36:32'),
(44, 116, 0, '2021-06-14 20:37:42', '2021-06-14 20:37:42'),
(45, 126, 0, '2021-06-27 12:12:20', '2021-06-27 12:12:20'),
(46, 128, 0, '2021-06-27 13:12:53', '2021-06-27 13:12:53'),
(47, 131, 0, '2021-06-27 14:14:18', '2021-06-27 14:14:18'),
(48, 132, 0, '2021-06-27 14:14:42', '2021-06-27 14:14:42'),
(49, 135, 0, '2021-06-27 15:02:47', '2021-06-27 15:02:47'),
(50, 136, 0, '2021-06-27 15:03:26', '2021-06-27 15:03:26'),
(51, 137, 0, '2021-06-27 15:03:58', '2021-06-27 15:03:58'),
(52, 140, 0, '2021-06-27 20:06:43', '2021-06-27 20:06:43'),
(53, 141, 0, '2021-06-27 21:07:12', '2021-06-27 21:07:12'),
(54, 143, 0, '2021-06-27 22:39:41', '2021-06-27 22:39:41'),
(55, 144, 0, '2021-06-27 22:40:44', '2021-06-27 22:40:44'),
(56, 148, 0, '2021-06-28 13:26:56', '2021-06-28 13:26:56'),
(57, 149, 0, '2021-06-28 16:27:24', '2021-06-28 16:27:24'),
(58, 151, 0, '2021-06-28 18:28:05', '2021-06-28 18:28:05'),
(59, 156, 0, '2021-06-29 15:05:47', '2021-06-29 15:05:47'),
(60, 157, 0, '2021-06-29 15:05:58', '2021-06-29 15:05:58'),
(61, 162, 0, '2021-06-30 16:12:51', '2021-06-30 16:12:51'),
(62, 168, 0, '2021-07-01 12:38:26', '2021-07-01 12:38:26'),
(63, 169, 0, '2021-07-01 14:38:49', '2021-07-01 14:38:49'),
(64, 172, 0, '2021-07-01 16:39:54', '2021-07-01 16:39:54'),
(65, 179, 0, '2021-07-02 13:28:28', '2021-07-02 13:28:28'),
(66, 180, 0, '2021-07-02 15:28:50', '2021-07-02 15:28:50'),
(67, 182, 0, '2021-07-02 19:29:26', '2021-07-02 19:29:26'),
(68, 189, 0, '2021-07-03 13:34:41', '2021-07-03 13:34:41'),
(69, 190, 0, '2021-07-03 14:35:10', '2021-07-03 14:35:10'),
(70, 196, 0, '2021-07-05 00:30:01', '2021-07-05 00:30:01'),
(71, 197, 0, '2021-07-05 00:30:23', '2021-07-05 00:30:23');

-- --------------------------------------------------------

--
-- Estructura de tabla para la tabla `tarifas`
--

CREATE TABLE `tarifas` (
  `id` bigint(20) UNSIGNED NOT NULL,
  `nom` varchar(30) COLLATE utf8mb4_unicode_ci NOT NULL,
  `horas` varchar(50) COLLATE utf8mb4_unicode_ci NOT NULL,
  `precio` decimal(24,2) NOT NULL,
  `fecha_reg` date NOT NULL,
  `descripcion` varchar(50) COLLATE utf8mb4_unicode_ci DEFAULT NULL,
  `created_at` timestamp NULL DEFAULT NULL,
  `updated_at` timestamp NULL DEFAULT NULL
) ENGINE=InnoDB DEFAULT CHARSET=utf8mb4 COLLATE=utf8mb4_unicode_ci;

--
-- Volcado de datos para la tabla `tarifas`
--

INSERT INTO `tarifas` (`id`, `nom`, `horas`, `precio`, `fecha_reg`, `descripcion`, `created_at`, `updated_at`) VALUES
(1, 'TARIFA1', '1', '5.00', '2021-06-01', '', '2021-06-01 11:42:27', '2021-06-01 11:42:27'),
(2, 'TARIFA2', '2', '8.00', '2021-06-01', '', '2021-06-01 11:43:07', '2021-06-01 11:43:07'),
(3, 'TARIFA3', '3', '12.00', '2021-06-01', '', '2021-06-01 11:43:21', '2021-06-01 11:43:21'),
(4, 'TARIFA4', '4', '15.00', '2021-06-01', '', '2021-06-01 11:43:40', '2021-06-01 11:43:40'),
(5, 'TARIFA5', '5', '18.00', '2021-06-01', '', '2021-06-01 11:44:31', '2021-06-01 11:44:31'),
(6, 'TARIFA6', '6', '20.00', '2021-06-01', '', '2021-06-01 11:44:48', '2021-06-01 11:44:48'),
(7, 'TARIFA7', '7', '22.00', '2021-06-01', '', '2021-06-01 11:45:03', '2021-06-01 11:45:03'),
(8, 'TARIFA8', '8', '25.00', '2021-06-01', '', '2021-06-01 11:45:21', '2021-06-01 11:45:21'),
(9, 'TARIFA10', '10', '30.00', '2021-06-01', '', '2021-06-01 11:45:51', '2021-06-01 11:46:27'),
(10, 'TARIFA11', '11', '32.00', '2021-06-01', '', '2021-06-01 11:46:43', '2021-06-01 11:46:43'),
(11, 'TARIFA12', '12', '35.00', '2021-06-01', '', '2021-06-01 11:47:10', '2021-06-01 11:47:10'),
(12, 'MENSUAL1', '672', '600.00', '2021-06-01', '', '2021-06-01 11:48:01', '2021-06-01 11:48:01');

-- --------------------------------------------------------

--
-- Estructura de tabla para la tabla `tipo_vehiculos`
--

CREATE TABLE `tipo_vehiculos` (
  `id` bigint(20) UNSIGNED NOT NULL,
  `nom` varchar(30) COLLATE utf8mb4_unicode_ci NOT NULL,
  `descripcion` varchar(30) COLLATE utf8mb4_unicode_ci DEFAULT NULL,
  `created_at` timestamp NULL DEFAULT NULL,
  `updated_at` timestamp NULL DEFAULT NULL
) ENGINE=InnoDB DEFAULT CHARSET=utf8mb4 COLLATE=utf8mb4_unicode_ci;

--
-- Volcado de datos para la tabla `tipo_vehiculos`
--

INSERT INTO `tipo_vehiculos` (`id`, `nom`, `descripcion`, `created_at`, `updated_at`) VALUES
(1, 'VAGONETA', '', '2021-06-01 11:58:48', '2021-06-01 11:58:48'),
(2, 'CAMIONETA', '', '2021-06-01 11:59:03', '2021-06-01 11:59:03'),
(3, 'MINIBUSES', '', '2021-06-01 11:59:14', '2021-06-01 11:59:14');

-- --------------------------------------------------------

--
-- Estructura de tabla para la tabla `ubicacions`
--

CREATE TABLE `ubicacions` (
  `id` bigint(20) UNSIGNED NOT NULL,
  `nom` varchar(30) COLLATE utf8mb4_unicode_ci NOT NULL,
  `capacidad` int(11) NOT NULL,
  `descripcion` varchar(50) COLLATE utf8mb4_unicode_ci DEFAULT NULL,
  `status` int(11) NOT NULL,
  `created_at` timestamp NULL DEFAULT NULL,
  `updated_at` timestamp NULL DEFAULT NULL
) ENGINE=InnoDB DEFAULT CHARSET=utf8mb4 COLLATE=utf8mb4_unicode_ci;

--
-- Volcado de datos para la tabla `ubicacions`
--

INSERT INTO `ubicacions` (`id`, `nom`, `capacidad`, `descripcion`, `status`, `created_at`, `updated_at`) VALUES
(1, 'SECCION 1', 30, '', 1, '2019-08-28 16:17:36', '2021-07-03 15:23:46'),
(2, 'SECCION 2', 30, '', 1, '2019-08-30 20:44:15', '2019-08-30 20:44:15'),
(3, 'SECCION 3', 15, '', 1, '2021-05-20 19:24:01', '2021-07-03 15:23:07');

-- --------------------------------------------------------

--
-- Estructura de tabla para la tabla `users`
--

CREATE TABLE `users` (
  `id` bigint(20) UNSIGNED NOT NULL,
  `name` varchar(30) COLLATE utf8mb4_unicode_ci NOT NULL,
  `password` varchar(155) COLLATE utf8mb4_unicode_ci NOT NULL,
  `tipo` enum('ADMINISTRADOR','AUXILIAR','CONTROL') COLLATE utf8mb4_unicode_ci NOT NULL,
  `foto` varchar(50) COLLATE utf8mb4_unicode_ci NOT NULL,
  `status` int(11) NOT NULL,
  `created_at` timestamp NULL DEFAULT NULL,
  `updated_at` timestamp NULL DEFAULT NULL
) ENGINE=InnoDB DEFAULT CHARSET=utf8mb4 COLLATE=utf8mb4_unicode_ci;

--
-- Volcado de datos para la tabla `users`
--

INSERT INTO `users` (`id`, `name`, `password`, `tipo`, `foto`, `status`, `created_at`, `updated_at`) VALUES
(1, 'administrador', '$2y$10$daS8fi03aSfBur5w.p6QgOmCcFb3IRvzd8i9ManDWVXgeb0iI.36y', 'ADMINISTRADOR', 'user_default.png', 1, '2019-08-19 14:55:14', '2021-06-06 22:04:10'),
(2, 'CONTROL1', '$2y$10$oN2ppQYsugBFKJ74Y7k05u68gnq6MvVDa9pZtbNDNCoOwC8JuSjUW', 'CONTROL', 'user_default.png', 1, '2019-09-17 13:21:44', '2019-09-17 13:21:44'),
(3, 'RQUISPE', '$2y$10$QUzCrskFgpLbrcFf.AY/puaJ0Du9v1SyL/kMbfSAv.kEXooO1VGP.', 'AUXILIAR', 'user_default.png', 1, '2021-06-01 11:41:22', '2021-06-01 11:41:22');

-- --------------------------------------------------------

--
-- Estructura de tabla para la tabla `user_permisos`
--

CREATE TABLE `user_permisos` (
  `id` bigint(20) UNSIGNED NOT NULL,
  `user_id` bigint(20) UNSIGNED NOT NULL,
  `permiso_id` bigint(20) UNSIGNED NOT NULL,
  `created_at` timestamp NULL DEFAULT NULL,
  `updated_at` timestamp NULL DEFAULT NULL
) ENGINE=InnoDB DEFAULT CHARSET=utf8mb4 COLLATE=utf8mb4_unicode_ci;

--
-- Volcado de datos para la tabla `user_permisos`
--

INSERT INTO `user_permisos` (`id`, `user_id`, `permiso_id`, `created_at`, `updated_at`) VALUES
(1, 1, 1, '2021-05-21 01:31:12', '2021-05-21 01:31:12'),
(2, 3, 10, '2021-06-01 11:41:22', '2021-06-01 11:41:22'),
(3, 3, 11, '2021-06-01 11:41:22', '2021-06-01 11:41:22'),
(4, 3, 12, '2021-06-01 11:41:22', '2021-06-01 11:41:22'),
(5, 3, 13, '2021-06-01 11:41:22', '2021-06-01 11:41:22'),
(6, 3, 14, '2021-06-01 11:41:23', '2021-06-01 11:41:23'),
(7, 3, 15, '2021-06-01 11:41:23', '2021-06-01 11:41:23'),
(8, 3, 16, '2021-06-01 11:41:23', '2021-06-01 11:41:23'),
(9, 3, 17, '2021-06-01 11:41:23', '2021-06-01 11:41:23'),
(10, 3, 18, '2021-06-01 11:41:23', '2021-06-01 11:41:23'),
(11, 3, 19, '2021-06-01 11:41:23', '2021-06-01 11:41:23'),
(12, 3, 20, '2021-06-01 11:41:23', '2021-06-01 11:41:23'),
(13, 3, 21, '2021-06-01 11:41:23', '2021-06-01 11:41:23'),
(14, 3, 22, '2021-06-01 11:41:23', '2021-06-01 11:41:23'),
(15, 3, 23, '2021-06-01 11:41:23', '2021-06-01 11:41:23'),
(16, 3, 24, '2021-06-01 11:41:23', '2021-06-01 11:41:23'),
(17, 3, 25, '2021-06-01 11:41:23', '2021-06-01 11:41:23'),
(18, 3, 26, '2021-06-01 11:41:23', '2021-06-01 11:41:23'),
(19, 3, 29, '2021-06-01 11:41:23', '2021-06-01 11:41:23'),
(20, 3, 39, '2021-06-01 11:41:23', '2021-06-01 11:41:23'),
(21, 3, 30, '2021-06-01 11:41:23', '2021-06-01 11:41:23'),
(22, 3, 31, '2021-06-01 11:41:23', '2021-06-01 11:41:23'),
(23, 3, 34, '2021-06-01 11:41:24', '2021-06-01 11:41:24'),
(24, 3, 6, '2021-06-01 11:41:44', '2021-06-01 11:41:44'),
(25, 3, 27, '2021-06-01 11:41:49', '2021-06-01 11:41:49');

-- --------------------------------------------------------

--
-- Estructura de tabla para la tabla `vehiculos`
--

CREATE TABLE `vehiculos` (
  `id` bigint(20) UNSIGNED NOT NULL,
  `placa` varchar(10) COLLATE utf8mb4_unicode_ci DEFAULT NULL,
  `marca` varchar(50) COLLATE utf8mb4_unicode_ci DEFAULT NULL,
  `modelo` varchar(50) COLLATE utf8mb4_unicode_ci DEFAULT NULL,
  `nom` varchar(50) COLLATE utf8mb4_unicode_ci NOT NULL,
  `tipo_id` bigint(20) UNSIGNED NOT NULL,
  `propietario_id` bigint(20) UNSIGNED NOT NULL,
  `tarifa_id` bigint(20) UNSIGNED NOT NULL,
  `foto` varchar(155) COLLATE utf8mb4_unicode_ci NOT NULL,
  `rfid` varchar(30) COLLATE utf8mb4_unicode_ci NOT NULL,
  `descripcion` varchar(50) COLLATE utf8mb4_unicode_ci DEFAULT NULL,
  `fecha_reg` varchar(50) COLLATE utf8mb4_unicode_ci NOT NULL,
  `status` int(11) NOT NULL,
  `created_at` timestamp NULL DEFAULT NULL,
  `updated_at` timestamp NULL DEFAULT NULL
) ENGINE=InnoDB DEFAULT CHARSET=utf8mb4 COLLATE=utf8mb4_unicode_ci;

--
-- Volcado de datos para la tabla `vehiculos`
--

INSERT INTO `vehiculos` (`id`, `placa`, `marca`, `modelo`, `nom`, `tipo_id`, `propietario_id`, `tarifa_id`, `foto`, `rfid`, `descripcion`, `fecha_reg`, `status`, `created_at`, `updated_at`) VALUES
(1, '4445PKL', 'NISSAN VERSA', '2000', 'NISSAN ROJO', 1, 1, 1, 'vehiculo_default.jpg', '1000154852', '', '2021-06-01', 1, '2021-06-01 12:05:31', '2021-06-01 12:05:31'),
(2, '4587LPK', 'NISSAN VERSA', '2001', 'NISSAN PLOMO', 1, 2, 2, 'vehiculo_default.jpg', '1084440021', '', '2021-06-01', 1, '2021-06-01 12:06:32', '2021-06-01 12:06:32'),
(3, '4515BOP', 'TOYOTA', '2000', 'TOYOTA BLANCO', 2, 3, 11, 'vehiculo_default.jpg', '0840011464', '', '2021-06-01', 1, '2021-06-01 12:07:54', '2021-06-01 12:07:54'),
(4, '7415MNP', 'NISSAN', '2019', 'NISSAN BLANCO', 3, 4, 5, 'vehiculo_default.jpg', '1050558195', '', '2021-06-01', 1, '2021-06-01 12:10:13', '2021-06-01 12:10:13'),
(5, '4875KPK', 'LEXUS LS', '2001', 'LEXUS LS NEGRO', 1, 5, 12, 'vehiculo_default.jpg', '0844928464', '', '2021-06-01', 1, '2021-06-01 12:12:08', '2021-06-01 12:12:08'),
(6, '3465GHF', 'TOYOTA', '2000', 'TOYOTA PLOMO', 2, 6, 5, 'vehiculo_default.jpg', '1074099395', '', '2021-06-01', 1, '2021-06-01 12:14:23', '2021-06-01 12:15:30'),
(7, '7848KOP', 'NISSAN VERSA', '2000', 'NISSAN BLANCO', 3, 7, 2, 'vehiculo_default.jpg', '0733062676', '', '2021-06-01', 1, '2021-06-01 12:16:47', '2021-06-01 12:16:47'),
(8, '5584CRPP', 'TOYOTA', '2019', 'VAGONETA PLOMO', 1, 8, 12, 'vehiculo_default.jpg', '1070088445', '', '2021-06-14', 1, '2021-06-14 14:32:12', '2021-06-14 14:32:12');

--
-- Índices para tablas volcadas
--

--
-- Indices de la tabla `cobros`
--
ALTER TABLE `cobros`
  ADD PRIMARY KEY (`id`),
  ADD KEY `cobros_vehiculo_id_foreign` (`vehiculo_id`),
  ADD KEY `cobros_tarifa_id_foreign` (`tarifa_id`);

--
-- Indices de la tabla `cobros_respaldo`
--
ALTER TABLE `cobros_respaldo`
  ADD PRIMARY KEY (`id`);

--
-- Indices de la tabla `datos_usuarios`
--
ALTER TABLE `datos_usuarios`
  ADD PRIMARY KEY (`id`),
  ADD KEY `datos_usuarios_user_id_foreign` (`user_id`);

--
-- Indices de la tabla `empresas`
--
ALTER TABLE `empresas`
  ADD PRIMARY KEY (`id`);

--
-- Indices de la tabla `facturas`
--
ALTER TABLE `facturas`
  ADD PRIMARY KEY (`id`),
  ADD KEY `facturas_cobro_id_foreign` (`cobro_id`);

--
-- Indices de la tabla `ingreso_salidas`
--
ALTER TABLE `ingreso_salidas`
  ADD PRIMARY KEY (`id`);

--
-- Indices de la tabla `log_seguimientos`
--
ALTER TABLE `log_seguimientos`
  ADD PRIMARY KEY (`id`);

--
-- Indices de la tabla `mapeos`
--
ALTER TABLE `mapeos`
  ADD PRIMARY KEY (`id`),
  ADD KEY `mapeos_ubicacion_id_foreign` (`ubicacion_id`);

--
-- Indices de la tabla `migrations`
--
ALTER TABLE `migrations`
  ADD PRIMARY KEY (`id`);

--
-- Indices de la tabla `notificacion_usuarios`
--
ALTER TABLE `notificacion_usuarios`
  ADD PRIMARY KEY (`id`),
  ADD KEY `notificacion_usuarios_user_id_foreign` (`user_id`);

--
-- Indices de la tabla `password_resets`
--
ALTER TABLE `password_resets`
  ADD KEY `password_resets_email_index` (`email`);

--
-- Indices de la tabla `pendientes`
--
ALTER TABLE `pendientes`
  ADD PRIMARY KEY (`id`);

--
-- Indices de la tabla `permisos`
--
ALTER TABLE `permisos`
  ADD PRIMARY KEY (`id`);

--
-- Indices de la tabla `propietarios`
--
ALTER TABLE `propietarios`
  ADD PRIMARY KEY (`id`);

--
-- Indices de la tabla `propietarios_respaldo`
--
ALTER TABLE `propietarios_respaldo`
  ADD PRIMARY KEY (`id`);

--
-- Indices de la tabla `salidas`
--
ALTER TABLE `salidas`
  ADD PRIMARY KEY (`id`);

--
-- Indices de la tabla `tarifas`
--
ALTER TABLE `tarifas`
  ADD PRIMARY KEY (`id`);

--
-- Indices de la tabla `tipo_vehiculos`
--
ALTER TABLE `tipo_vehiculos`
  ADD PRIMARY KEY (`id`);

--
-- Indices de la tabla `ubicacions`
--
ALTER TABLE `ubicacions`
  ADD PRIMARY KEY (`id`);

--
-- Indices de la tabla `users`
--
ALTER TABLE `users`
  ADD PRIMARY KEY (`id`);

--
-- Indices de la tabla `user_permisos`
--
ALTER TABLE `user_permisos`
  ADD PRIMARY KEY (`id`);

--
-- Indices de la tabla `vehiculos`
--
ALTER TABLE `vehiculos`
  ADD PRIMARY KEY (`id`),
  ADD UNIQUE KEY `vehiculos_rfid_unique` (`rfid`),
  ADD KEY `vehiculos_tipo_id_foreign` (`tipo_id`),
  ADD KEY `vehiculos_propietario_id_foreign` (`propietario_id`),
  ADD KEY `vehiculos_tarifa_id_foreign` (`tarifa_id`);

--
-- AUTO_INCREMENT de las tablas volcadas
--

--
-- AUTO_INCREMENT de la tabla `cobros`
--
ALTER TABLE `cobros`
  MODIFY `id` bigint(20) UNSIGNED NOT NULL AUTO_INCREMENT, AUTO_INCREMENT=72;

--
-- AUTO_INCREMENT de la tabla `cobros_respaldo`
--
ALTER TABLE `cobros_respaldo`
  MODIFY `id` int(11) NOT NULL AUTO_INCREMENT, AUTO_INCREMENT=7;

--
-- AUTO_INCREMENT de la tabla `datos_usuarios`
--
ALTER TABLE `datos_usuarios`
  MODIFY `id` bigint(20) UNSIGNED NOT NULL AUTO_INCREMENT, AUTO_INCREMENT=2;

--
-- AUTO_INCREMENT de la tabla `empresas`
--
ALTER TABLE `empresas`
  MODIFY `id` bigint(20) UNSIGNED NOT NULL AUTO_INCREMENT, AUTO_INCREMENT=2;

--
-- AUTO_INCREMENT de la tabla `facturas`
--
ALTER TABLE `facturas`
  MODIFY `id` bigint(20) UNSIGNED NOT NULL AUTO_INCREMENT, AUTO_INCREMENT=72;

--
-- AUTO_INCREMENT de la tabla `ingreso_salidas`
--
ALTER TABLE `ingreso_salidas`
  MODIFY `id` bigint(20) UNSIGNED NOT NULL AUTO_INCREMENT, AUTO_INCREMENT=198;

--
-- AUTO_INCREMENT de la tabla `log_seguimientos`
--
ALTER TABLE `log_seguimientos`
  MODIFY `id` bigint(20) UNSIGNED NOT NULL AUTO_INCREMENT, AUTO_INCREMENT=73;

--
-- AUTO_INCREMENT de la tabla `mapeos`
--
ALTER TABLE `mapeos`
  MODIFY `id` bigint(20) UNSIGNED NOT NULL AUTO_INCREMENT, AUTO_INCREMENT=81;

--
-- AUTO_INCREMENT de la tabla `migrations`
--
ALTER TABLE `migrations`
  MODIFY `id` int(10) UNSIGNED NOT NULL AUTO_INCREMENT, AUTO_INCREMENT=18;

--
-- AUTO_INCREMENT de la tabla `notificacion_usuarios`
--
ALTER TABLE `notificacion_usuarios`
  MODIFY `id` bigint(20) UNSIGNED NOT NULL AUTO_INCREMENT, AUTO_INCREMENT=393;

--
-- AUTO_INCREMENT de la tabla `pendientes`
--
ALTER TABLE `pendientes`
  MODIFY `id` bigint(20) UNSIGNED NOT NULL AUTO_INCREMENT;

--
-- AUTO_INCREMENT de la tabla `permisos`
--
ALTER TABLE `permisos`
  MODIFY `id` bigint(20) UNSIGNED NOT NULL AUTO_INCREMENT, AUTO_INCREMENT=40;

--
-- AUTO_INCREMENT de la tabla `propietarios`
--
ALTER TABLE `propietarios`
  MODIFY `id` bigint(20) UNSIGNED NOT NULL AUTO_INCREMENT, AUTO_INCREMENT=12;

--
-- AUTO_INCREMENT de la tabla `propietarios_respaldo`
--
ALTER TABLE `propietarios_respaldo`
  MODIFY `id` int(11) NOT NULL AUTO_INCREMENT;

--
-- AUTO_INCREMENT de la tabla `salidas`
--
ALTER TABLE `salidas`
  MODIFY `id` int(10) UNSIGNED NOT NULL AUTO_INCREMENT, AUTO_INCREMENT=72;

--
-- AUTO_INCREMENT de la tabla `tarifas`
--
ALTER TABLE `tarifas`
  MODIFY `id` bigint(20) UNSIGNED NOT NULL AUTO_INCREMENT, AUTO_INCREMENT=13;

--
-- AUTO_INCREMENT de la tabla `tipo_vehiculos`
--
ALTER TABLE `tipo_vehiculos`
  MODIFY `id` bigint(20) UNSIGNED NOT NULL AUTO_INCREMENT, AUTO_INCREMENT=4;

--
-- AUTO_INCREMENT de la tabla `ubicacions`
--
ALTER TABLE `ubicacions`
  MODIFY `id` bigint(20) UNSIGNED NOT NULL AUTO_INCREMENT, AUTO_INCREMENT=4;

--
-- AUTO_INCREMENT de la tabla `users`
--
ALTER TABLE `users`
  MODIFY `id` bigint(20) UNSIGNED NOT NULL AUTO_INCREMENT, AUTO_INCREMENT=4;

--
-- AUTO_INCREMENT de la tabla `user_permisos`
--
ALTER TABLE `user_permisos`
  MODIFY `id` bigint(20) UNSIGNED NOT NULL AUTO_INCREMENT, AUTO_INCREMENT=26;

--
-- AUTO_INCREMENT de la tabla `vehiculos`
--
ALTER TABLE `vehiculos`
  MODIFY `id` bigint(20) UNSIGNED NOT NULL AUTO_INCREMENT, AUTO_INCREMENT=9;

--
-- Restricciones para tablas volcadas
--

--
-- Filtros para la tabla `cobros`
--
ALTER TABLE `cobros`
  ADD CONSTRAINT `cobros_tarifa_id_foreign` FOREIGN KEY (`tarifa_id`) REFERENCES `tarifas` (`id`) ON DELETE NO ACTION,
  ADD CONSTRAINT `cobros_vehiculo_id_foreign` FOREIGN KEY (`vehiculo_id`) REFERENCES `vehiculos` (`id`) ON DELETE NO ACTION;

--
-- Filtros para la tabla `datos_usuarios`
--
ALTER TABLE `datos_usuarios`
  ADD CONSTRAINT `datos_usuarios_user_id_foreign` FOREIGN KEY (`user_id`) REFERENCES `users` (`id`) ON DELETE NO ACTION;

--
-- Filtros para la tabla `facturas`
--
ALTER TABLE `facturas`
  ADD CONSTRAINT `facturas_cobro_id_foreign` FOREIGN KEY (`cobro_id`) REFERENCES `cobros` (`id`) ON DELETE NO ACTION;

--
-- Filtros para la tabla `mapeos`
--
ALTER TABLE `mapeos`
  ADD CONSTRAINT `mapeos_ubicacion_id_foreign` FOREIGN KEY (`ubicacion_id`) REFERENCES `ubicacions` (`id`) ON DELETE NO ACTION;

--
-- Filtros para la tabla `notificacion_usuarios`
--
ALTER TABLE `notificacion_usuarios`
  ADD CONSTRAINT `notificacion_usuarios_user_id_foreign` FOREIGN KEY (`user_id`) REFERENCES `users` (`id`) ON DELETE NO ACTION;

--
-- Filtros para la tabla `vehiculos`
--
ALTER TABLE `vehiculos`
  ADD CONSTRAINT `vehiculos_propietario_id_foreign` FOREIGN KEY (`propietario_id`) REFERENCES `propietarios` (`id`) ON DELETE NO ACTION,
  ADD CONSTRAINT `vehiculos_tarifa_id_foreign` FOREIGN KEY (`tarifa_id`) REFERENCES `tarifas` (`id`) ON DELETE NO ACTION,
  ADD CONSTRAINT `vehiculos_tipo_id_foreign` FOREIGN KEY (`tipo_id`) REFERENCES `tipo_vehiculos` (`id`) ON DELETE NO ACTION;
COMMIT;

/*!40101 SET CHARACTER_SET_CLIENT=@OLD_CHARACTER_SET_CLIENT */;
/*!40101 SET CHARACTER_SET_RESULTS=@OLD_CHARACTER_SET_RESULTS */;
/*!40101 SET COLLATION_CONNECTION=@OLD_COLLATION_CONNECTION */;
